Workbook
Name NumeroColumna: 7
Name NumeroFila: 3
Name Regiones: [1]Datos!$E$1:$E$15

Sheet Portada

Sheet 0
B12: La siguiente herramienta tiene por objetivo que usted implemente la actualización del protocolo TMERT (MINSAL, 2024), considerando los pasos establecidos por el protocolo. Está diseñada de manera tal que usted siga las instrucciones necesarias para completar el proceso de identificacion inicial y avanzada, de una forma sencilla y práctica, evitando potenciales errores en el trascurso de la aplicación.
B13: PASOS A SEGUIR
B16: 1.- En el apartado ANTECEDENTES GENERALES debe completar la información relacionada con la empresa y sus sucursales o centros de trabajo.
B17: 2.- En el apartado CARACTERIZACIÓN DEL RIESGO usted deberá identificar puestos de trabajo y tareas los cuales posteriormente aplicará la identificación inicial y avanzada. Es importante llenar todos los campos ya que se identifican los determinantes de la exposición.
B18: 3.- En el apartado IDENTIFICACIÓN INICIAL usted deberá aplicar a cada puesto de trabajo, las 7 preguntas iniciales, con el objetivo de detectar la presencia de factores de riesgos de TMERT.
B19: 4. En el apartado IDENTIFICACION AVANZADA se dispondrá de las tablas de identificación avanzada para condiciones aceptables y críticas, por cada factor de riesgo.
B21: ¡ IMPORTANTE ! Para efectos de solicitar una evaluación específica del riesgo a la ACHS, deberá haber completado todos estos pasos.

Sheet 1
B13: 1. ANTECEDENTES DE LA EMPRESA
B15: Razón Social | J15: RUT Empresa
B17: Actividad Económica | J17: Código CIIU
B19: Dirección | J19: Comuna
B21: Nombre Representante Legal
B23: Organismo administrador al que está adherido | J23: Fecha inicio
B25: 2.- CENTRO DE TRABAJO O LUGAR DE TRABAJO
B27: Nombre del centro de trabajo
B29: Dirección | J29: Comuna
B31: Nº de trabajadores centro de trabajo | E31: Hombres | J31: Mujeres
B33: 3.- RESPONSABLE IMPLEMENTACIÓN PROTOCOLO
B35: Nombre responsable
B37: Cargo
B39: Correo electrónico | K39: Teléfono

Sheet 2
B12: N° | C12: Área de trabajo | D12: Puesto de trabajo | E12: Tareas del puesto de trabajo | F12: Descripción de la tarea | G12: Horario de funcionamiento | H12: Horas extras | J12: N° Trabajadores Expuestos | L12: Tipo de contrato | M12: Tipo de remuneración | N12: Duración (min) | O12: Pausas de Trabajo | P12: Rotación de tarea | Q12: Equipos y Herramienta | R12: Características de los ambientes y espacios de trabajo (Espacios, barreras arquitectónicas, flujo de tránsito) | S12: Características y disposición espacial del puesto de trabajo (Ubicación de los elementos de trabajo, disposición física del espacio de trabajo) | T12: Características y herramientas utilizadas (Descripción de equipos, herramientas utilizadas, herramientas vibrantes, uso de EPP)
H13: Por dia | I13: Por semana | J13: Hombre | K13: Mujer
B14: 1 | C14: Packing | D14: Seleccionadora línea cítricos 1 | E14: Empacado | F14: Seleción desde cinta transportadora de la fruta y disponerla en las cajas. | G14: 8:00 a 16:00 | H14: 0 | I14: 0 | J14: 6 | K14: 6 | L14: Indefinido | M14: fijo + bono producción | N14: 300 | O14: 1 pausa (10:00 a 10:10) | P14: NO | Q14: --- | R14: linea de producción (cinta transportadora) con 6 trabajadores x lado. | S14: mesón seleccionador a una altura de 95 cm y bandeja superior portadora de caja a 140 cm | T14: Sin uso de equipos o herramientas manuales | U14: =IF(D14='3'!D14, VLOOKUP(C14, '3'!B12:D19, 10, FALSE)," ")
B15: 2 | C15: Faena | D15: Operador excavadora | E15: carga de camión | F15: Operación de excavadora para carga de camiones con tierra. | G15: 8:00 a 18:00 | H15: 2 | I15: 10 | J15: 1 | L15: plazo fijo | M15: variable | N15: 500 | O15: 2 pausas (11:00 a 11:15 y 16:00 a 16:15) | P15: NO | Q15: Excavadora Volvo EC750E | R15: --- | S15: --- | T15: Excavadora Volvo Modelo EC750E. Esta es una excavadora de oruga y su año de fabricacion es 2020.
B16: 3 | C16: area 3 | D16: puesto 3 | E16: tarea 3
B17: 4 | C17: area 4 | D17: puesto 4 | E17: tarea 4
B18: 5 | C18: area 5 | D18: puesto 5 | E18: tarea 5
B19: 6 | C19: area 6 | D19: puesto 6 | E19: tarea 6
B20: 7 | C20: area 7 | D20: puesto 7 | E20: tarea 7
B21: 8 | C21: area 8 | D21: puesto 8 | E21: tarea 8
B22: 9 | C22: area 9 | D22: puesto 9 | E22: tarea 9
B23: 10 | C23: area 10 | D23: puesto 10 | E23: tarea 10
B24: 11 | C24: area 11 | D24: puesto 11 | E24: tarea 11
B25: 12 | C25: area 12 | D25: puesto 12 | E25: tarea 12
B26: 13 | C26: area 13 | D26: puesto 13 | E26: tarea 13
B27: 14 | C27: area 14 | D27: puesto 14 | E27: tarea 14
... B212: 199 | C212: area 199 | D212: puesto 199 | E212: tarea 199

Sheet 3
B12: N° | C12: Puesto de trabajo | D12: Tareas del puesto de trabajo | E12: Trabajo repetitivo de miembros superiores. | F12: Postura de trabajo estática | G12: Manipulación manual de cargas | I12: Manejo manual de pacientes / personas | J12: Vibración de cuerpo completo | K12: Vibración segmento mano – brazo | L12: Resultado identificación inicial
E13: ¿Existe una o más tareas donde utilice las manos y miembros superiores con una duración total de una hora o más durante la jornada laboral y con un tiempo total de 5 o más horas a la semana? Donde tenga que movilizar, levantar, empujar, encajar, sostener, posicionar, armar, limpiar, apretar, lanzar, cortar, presionar, desarmar, atornillar, desatornillar, digitar con presión, comprimir, ubicar, moldear, traccionar. | F13: ¿Existen posturas de trabajo estáticas de cabeza/cuello, tronco y/o miembros superiores e inferiores, mantenidas por más de 4 segundos consecutivamente? Donde se observe estar sentado, cabeza inclinada hacia adelante o atrás, mirada situada en planos bajo nivel medio de tórax o pecho, cabeza rotada permanentemente hacia algún lado, mirada situada en planos sobre el nivel de cabeza, hombros situados por delante de las caderas de manera continua, tronco rotado o inclinado para sostener o movilizar objetos. | G13: Para el Levantamiento/Descenso/Transporte: ¿Existe levantamiento, descenso o transporte manual de un objeto de 3kg o más? Se observa que levanta, sostiene, trasporta, desplaza, moviliza, ubica con precisión ordenando, empuja, arrastra o tracciona, apila, paletiza. | H13: Tracción/Empuje ¿Existe empuje o arrastre de una carga utilizando el cuerpo completo con 1 o 2 manos? Se observa el empuje y/o arrastre de diferentes maneras carros, plataformas con rueda, superficies deslizantes, detención de objetos en movimiento, camillas, camas, sillas de rueda, paletizadores, grúas de uso manual mecanizadas, formas de tracción y empuje hechizas, carretillas. No se considera empuje y arrastre carros motorizados y controlados manualmente (conducción) | I13: ¿Se realiza alguna actividad que requiere fuerza para empujar, tirar, levantar, descender, transferir o de alguna manera mover o sostener una persona o parte del cuerpo de una persona? *NOTA: La condición a identificar debe incluir la actividad de manipulación, ya sea que se realice con o sin dispositivos de asistencia. Esta condición está determinada por el riesgo asociado a las características de la carga humana que requiere control sensible de la masa corporal por parte del operador. | J13: ¿Están los trabajadores/as expuestos/as a vibraciones por una fuente de vibración de cuerpo entero perceptible por el trabajador/a? Se presenta en cercanía de máquinas donde se percibe la vibración, superficies vibrantes donde se está de pie o sentado como en maquinaria pesada y de conducción sentados o de pie. | K13: ¿Están los trabajadores/as en contacto con una fuente de vibración del segmento mano - brazo? Y ¿esta condición es frecuente o inherente a la tarea realizada?. Se presenta en situaciones de manejo de herramientas neumáticas o eléctricas, atornilladores o destornilladores neumáticos o eléctricos, uso de herramientas con impacto como martillos, cinceles, herramientas percutoras como taladros o grandes percutores
B14: 1 | C14: =Hoja1!C5 -> Seleccionadora línea cítricos 1 | D14: =Hoja1!E5 -> Empacado | E14: SI | F14: NO | G14: NO | H14: NO | I14: NO | J14: NO | K14: NO | L14: =IF(AND(E14="NO",F14="NO",G14="NO",H14="NO",I14="NO",J14="NO",K14="NO"),"Ausencia total del riesgo, reevaluar cada 3 años con nueva identificación inicial","Aplicar identificación avanzada-condición aceptable para cada tipo de factor de riesgo identificado") -> Aplicar identificación avanzada-condición aceptable para cada tipo de factor de riesgo identificado
B15: 2 | C15: =Hoja1!C6 -> Operador excavadora | D15: =Hoja1!E6 -> carga de camión | E15: SI | F15: NO | G15: NO | H15: NO | I15: SI | J15: SI | K15: SI | L15: =IF(AND(E15="NO",F15="NO",G15="NO",H15="NO",I15="NO",J15="NO",K15="NO"),"Ausencia total del riesgo, reevaluar cada 3 años con nueva identificación inicial","Aplicar identificación avanzada-condición aceptable para cada tipo de factor de riesgo identificado") -> Aplicar identificación avanzada-condición aceptable para cada tipo de factor de riesgo identificado
B16: 3 | C16: =Hoja1!C7 -> puesto 3 | D16: =Hoja1!E7 -> tarea 3 | E16: SI | F16: SI | G16: SI | H16: SI | I16: SI | J16: SI | K16: SI | L16: =IF(AND(E16="NO",F16="NO",G16="NO",H16="NO",I16="NO",J16="NO",K16="NO"),"Ausencia total del riesgo, reevaluar cada 3 años con nueva identificación inicial","Aplicar identificación avanzada-condición aceptable para cada tipo de factor de riesgo identificado") -> Aplicar identificación avanzada-condición aceptable para cada tipo de factor de riesgo identificado
B17: 4 | C17: =Hoja1!C8 -> puesto 4 | D17: =Hoja1!E8 -> tarea 4 | E17: SI | F17: SI | G17: SI | H17: SI | I17: SI | J17: SI | K17: SI | L17: =IF(AND(E17="NO",F17="NO",G17="NO",H17="NO",I17="NO",J17="NO",K17="NO"),"Ausencia total del riesgo, reevaluar cada 3 años con nueva identificación inicial","Aplicar identificación avanzada-condición aceptable para cada tipo de factor de riesgo identificado") -> Aplicar identificación avanzada-condición aceptable para cada tipo de factor de riesgo identificado
B18: 6 | C18: =Hoja1!C9 -> puesto 5 | D18: =Hoja1!E9 -> tarea 5 | E18: SI | F18: SI | G18: SI | H18: SI | I18: SI | J18: SI | K18: SI | L18: =IF(AND(E18="NO",F18="NO",G18="NO",H18="NO",I18="NO",J18="NO",K18="NO"),"Ausencia total del riesgo, reevaluar cada 3 años con nueva identificación inicial","Aplicar identificación avanzada-condición aceptable para cada tipo de factor de riesgo identificado") -> Aplicar identificación avanzada-condición aceptable para cada tipo de factor de riesgo identificado
B19: 7 | C19: =Hoja1!C10 -> puesto 6 | D19: =Hoja1!E10 -> tarea 6 | E19: SI | F19: SI | G19: SI | H19: SI | I19: SI | J19: SI | K19: SI | L19: =IF(AND(E19="NO",F19="NO",G19="NO",H19="NO",I19="NO",J19="NO",K19="NO"),"Ausencia total del riesgo, reevaluar cada 3 años con nueva identificación inicial","Aplicar identificación avanzada-condición aceptable para cada tipo de factor de riesgo identificado") -> Aplicar identificación avanzada-condición aceptable para cada tipo de factor de riesgo identificado
B20: 8 | C20: =Hoja1!C11 -> puesto 7 | D20: =Hoja1!E11 -> tarea 7 | E20: SI | F20: SI | G20: SI | H20: SI | I20: SI | J20: SI | K20: SI | L20: =IF(AND(E20="NO",F20="NO",G20="NO",H20="NO",I20="NO",J20="NO",K20="NO"),"Ausencia total del riesgo, reevaluar cada 3 años con nueva identificación inicial","Aplicar identificación avanzada-condición aceptable para cada tipo de factor de riesgo identificado") -> Aplicar identificación avanzada-condición aceptable para cada tipo de factor de riesgo identificado
B21: 9 | C21: =Hoja1!C12 -> puesto 8 | D21: =Hoja1!E12 -> tarea 8 | E21: SI | F21: SI | G21: SI | H21: SI | I21: SI | J21: SI | K21: SI | L21: =IF(AND(E21="NO",F21="NO",G21="NO",H21="NO",I21="NO",J21="NO",K21="NO"),"Ausencia total del riesgo, reevaluar cada 3 años con nueva identificación inicial","Aplicar identificación avanzada-condición aceptable para cada tipo de factor de riesgo identificado") -> Aplicar identificación avanzada-condición aceptable para cada tipo de factor de riesgo identificado
B22: 10 | C22: =Hoja1!C13 -> puesto 9 | D22: =Hoja1!E13 -> tarea 9 | E22: SI | F22: SI | G22: SI | H22: SI | I22: SI | J22: SI | K22: SI | L22: =IF(AND(E22="NO",F22="NO",G22="NO",H22="NO",I22="NO",J22="NO",K22="NO"),"Ausencia total del riesgo, reevaluar cada 3 años con nueva identificación inicial","Aplicar identificación avanzada-condición aceptable para cada tipo de factor de riesgo identificado") -> Aplicar identificación avanzada-condición aceptable para cada tipo de factor de riesgo identificado
B23: 11 | C23: =Hoja1!C14 -> puesto 10 | D23: =Hoja1!E14 -> tarea 10 | E23: SI | F23: SI | G23: SI | H23: SI | I23: SI | J23: SI | K23: SI | L23: =IF(AND(E23="NO",F23="NO",G23="NO",H23="NO",I23="NO",J23="NO",K23="NO"),"Ausencia total del riesgo, reevaluar cada 3 años con nueva identificación inicial","Aplicar identificación avanzada-condición aceptable para cada tipo de factor de riesgo identificado") -> Aplicar identificación avanzada-condición aceptable para cada tipo de factor de riesgo identificado
B24: 12 | C24: =Hoja1!C15 -> puesto 11 | D24: =Hoja1!E15 -> tarea 11 | E24: SI | F24: SI | G24: SI | H24: SI | I24: SI | J24: SI | K24: SI | L24: =IF(AND(E24="NO",F24="NO",G24="NO",H24="NO",I24="NO",J24="NO",K24="NO"),"Ausencia total del riesgo, reevaluar cada 3 años con nueva identificación inicial","Aplicar identificación avanzada-condición aceptable para cada tipo de factor de riesgo identificado") -> Aplicar identificación avanzada-condición aceptable para cada tipo de factor de riesgo identificado
B25: 13 | C25: =Hoja1!C16 -> puesto 12 | D25: =Hoja1!E16 -> tarea 12 | E25: SI | F25: SI | G25: SI | H25: SI | I25: SI | J25: SI | K25: SI | L25: =IF(AND(E25="NO",F25="NO",G25="NO",H25="NO",I25="NO",J25="NO",K25="NO"),"Ausencia total del riesgo, reevaluar cada 3 años con nueva identificación inicial","Aplicar identificación avanzada-condición aceptable para cada tipo de factor de riesgo identificado") -> Aplicar identificación avanzada-condición aceptable para cada tipo de factor de riesgo identificado
... B212: 200 | C212: =Hoja1!C203 -> puesto 199 | D212: =Hoja1!E203 -> 0 | E212: SI | F212: SI | G212: SI | H212: SI | I212: SI | J212: SI | K212: SI | L212: =IF(AND(E212="NO",F212="NO",G212="NO",H212="NO",I212="NO",J212="NO",K212="NO"),"Ausencia total del riesgo, reevaluar cada 3 años con nueva identificación inicial","Aplicar identificación avanzada-condición aceptable para cada tipo de factor de riesgo identificado") -> Aplicar identificación avanzada-condición aceptable para cada tipo de factor de riesgo identificado

Sheet Hoja1
O1: 4.-Trabajo repetitivo de miembros superiores. | W1: 5.-Postura de trabajo estática | AE1: 6.-Manipulación manual de cargas | AM1: 7.-Manipulación manual de cargas | AU1: 8.-Manejo manual de pacientes | BC1: 9.-Vibración de cuerpo completo | BK1: 10.-Vibración segmento mano – brazo
G2: Trabajo repetitivo de miembros superiores. | H2: Postura de trabajo estática | I2: Manipulación manual de cargas | J2: Manipulación manual de cargas | K2: Manejo manual de pacientes / personas | L2: Vibración de cuerpo completo | M2: Vibración segmento mano – brazo
A3: N° | B3: {='2'!C12:C13} -> Área de trabajo | C3: ='2'!D12 -> Puesto de trabajo | D3: {='2'!D12:D13} -> Puesto de trabajo | E3: {='2'!E12:E13} -> Tareas del puesto de trabajo | F3: {='3'!L12:L13} -> Resultado identificación inicial | G3: ¿Existe una o más tareas donde utilice las manos y miembros superiores con una duración total de una hora o más durante la jornada laboral y con un tiempo total de 5 o más horas a la semana? Donde tenga que movilizar, levantar, empujar, encajar, sostener, posicionar, armar, limpiar, apretar, lanzar, cortar, presionar, desarmar, atornillar, desatornillar, digitar con presión, comprimir, ubicar, moldear, traccionar. | H3: ¿Existen posturas de trabajo estáticas de cabeza/cuello, tronco y/o miembros superiores e inferiores, mantenidas por más de 4 segundos consecutivamente? Donde se observe estar sentado, cabeza inclinada hacia adelante o atrás, mirada situada en planos bajo nivel medio de tórax o pecho, cabeza rotada permanentemente hacia algún lado, mirada situada en planos sobre el nivel de cabeza, hombros situados por delante de las caderas de manera continua, tronco rotado o inclinado para sostener o movilizar objetos. | I3: Para el Levantamiento/Descenso/Transporte: ¿Existe levantamiento, descenso o transporte manual de un objeto de 3kg o más? Se observa que levanta, sostiene, trasporta, desplaza, moviliza, ubica con precisión ordenando, empuja, arrastra o tracciona, apila, paletiza. | J3: Tracción/Empuje ¿Existe empuje o arrastre de una carga utilizando el cuerpo completo con 1 o 2 manos? Se observa el empuje y/o arrastre de diferentes maneras carros, plataformas con rueda, superficies deslizantes, detención de objetos en movimiento, camillas, camas, sillas de rueda, paletizadores, grúas de uso manual mecanizadas, formas de tracción y empuje hechizas, carretillas. No se considera empuje y arrastre carros motorizados y controlados manualmente (conducción) | K3: ¿Se realiza alguna actividad que requiere fuerza para empujar, tirar, levantar, descender, transferir o de alguna manera mover o sostener una persona o parte del cuerpo de una persona? *NOTA: La condición a identificar debe incluir la actividad de manipulación, ya sea que se realice con o sin dispositivos de asistencia. Esta condición está determinada por el riesgo asociado a las características de la carga humana que requiere control sensible de la masa corporal por parte del operador. | L3: ¿Están los trabajadores/as expuestos/as a vibraciones por una fuente de vibración de cuerpo entero perceptible por el trabajador/a? Se presenta en cercanía de máquinas donde se percibe la vibración, superficies vibrantes donde se está de pie o sentado como en maquinaria pesada y de conducción sentados o de pie. | M3: ¿Están los trabajadores/as en contacto con una fuente de vibración del segmento mano - brazo? Y ¿esta condición es frecuente o inherente a la tarea realizada?. Se presenta en situaciones de manejo de herramientas neumáticas o eléctricas, atornilladores o destornilladores neumáticos o eléctricos, uso de herramientas con impacto como martillos, cinceles, herramientas percutoras como taladros o grandes percutores | N3: {='3'!L12:L13} -> Resultado identificación inicial | O3: Área de trabajo | P3: Puesto de trabajo | Q3: Tareas del puesto de trabajo | R3: Horario de funcionamiento | S3: Horas extras | U3: N° Trabajadores Expuestos | W3: Área de trabajo | X3: Puesto de trabajo | Y3: Tareas del puesto de trabajo | Z3: Horario de funcionamiento | AA3: Horas extras | AC3: N° Trabajadores Expuestos | AE3: Área de trabajo | AF3: Puesto de trabajo | AG3: Tareas del puesto de trabajo | AH3: Horario de funcionamiento | AI3: Horas extras | AK3: N° Trabajadores Expuestos | AM3: Área de trabajo | AN3: Puesto de trabajo | AO3: Tareas del puesto de trabajo | AP3: Horario de funcionamiento | AQ3: Horas extras | AS3: N° Trabajadores Expuestos | AU3: Área de trabajo | AV3: Puesto de trabajo | AW3: Tareas del puesto de trabajo | AX3: Horario de funcionamiento | AY3: Horas extras | BA3: N° Trabajadores Expuestos | BC3: Área de trabajo | BD3: Puesto de trabajo | BE3: Tareas del puesto de trabajo | BF3: Horario de funcionamiento | BG3: Horas extras | BI3: N° Trabajadores Expuestos | BK3: Área de trabajo | BL3: Puesto de trabajo | BM3: Tareas del puesto de trabajo | BN3: Horario de funcionamiento | BO3: Horas extras | BQ3: N° Trabajadores Expuestos
B4: 0 | D4: 0 | E4: 0 | F4: 0 | N4: 0 | S4: Por dia | T4: Por semana | U4: Hombre | V4: Mujer | AA4: Por dia | AB4: Por semana | AC4: Hombre | AD4: Mujer | AI4: Por dia | AJ4: Por semana | AK4: Hombre | AL4: Mujer | AQ4: Por dia | AR4: Por semana | AS4: Hombre | AT4: Mujer | AY4: Por dia | AZ4: Por semana | BA4: Hombre | BB4: Mujer | BG4: Por dia | BH4: Por semana | BI4: Hombre | BJ4: Mujer | BO4: Por dia | BP4: Por semana | BQ4: Hombre | BR4: Mujer
A5: 1 | B5: ='2'!C14 -> Packing | C5: ='2'!D14 -> Seleccionadora línea cítricos 1 | D5: {=_xlfn.UNIQUE(C5:C203)} -> Seleccionadora línea cítricos 1 | E5: ='2'!E14 -> Empacado | F5: ='3'!L14 -> Aplicar identificación avanzada-condición aceptable para cada tipo de factor de riesgo identificado | G5: ='3'!E14 -> SI | H5: ='3'!F14 -> NO | I5: ='3'!G14 -> NO | J5: ='3'!H14 -> NO | K5: ='3'!I14 -> NO | L5: ='3'!J14 -> NO | M5: ='3'!K14 -> NO | N5: ='3'!L14 -> Aplicar identificación avanzada-condición aceptable para cada tipo de factor de riesgo identificado | O5: =IF(AND(N5="Aplicar identificación avanzada-condición aceptable para cada tipo de factor de riesgo identificado",G5="SI"),VLOOKUP(A5,'2'!$B$12:$M$212,2,FALSE)," ") -> Packing | P5: =IF(AND(N5="Aplicar identificación avanzada-condición aceptable para cada tipo de factor de riesgo identificado",G5="SI"),VLOOKUP(A5,'2'!$B$12:$M$212,3,FALSE)," ") -> Seleccionadora línea cítricos 1 | Q5: =IF(AND(N5="Aplicar identificación avanzada-condición aceptable para cada tipo de factor de riesgo identificado",G5="SI"),VLOOKUP(A5,'2'!$B$12:$M$212,4,FALSE)," ") -> Empacado | R5: =IF(AND(N5="Aplicar identificación avanzada-condición aceptable para cada tipo de factor de riesgo identificado",G5="SI"),VLOOKUP(A5,'2'!$B$12:$M$212,6,FALSE)," ") -> 8:00 a 16:00 | S5: =IF(AND(N5="Aplicar identificación avanzada-condición aceptable para cada tipo de factor de riesgo identificado",G5="SI"),VLOOKUP(A5,'2'!$B$12:$M$212,7,FALSE)," ") -> 0 | T5: =IF(AND(N5="Aplicar identificación avanzada-condición aceptable para cada tipo de factor de riesgo identificado",G5="SI"),VLOOKUP(A5,'2'!$B$12:$M$212,8,FALSE)," ") -> 0 | U5: =IF(AND(N5="Aplicar identificación avanzada-condición aceptable para cada tipo de factor de riesgo identificado",G5="SI"),VLOOKUP(A5,'2'!$B$12:$M$212,9,FALSE)," ") -> 6 | V5: =IF(AND(N5="Aplicar identificación avanzada-condición aceptable para cada tipo de factor de riesgo identificado",G5="SI"),VLOOKUP(A5,'2'!$B$12:$M$212,10,FALSE)," ") -> 6 | W5: =IF(AND(N5="Aplicar identificación avanzada-condición aceptable para cada tipo de factor de riesgo identificado",H5="SI"),VLOOKUP(A5,'2'!$B$12:$M$212,2,FALSE)," ") | X5: =IF(AND(N5="Aplicar identificación avanzada-condición aceptable para cada tipo de factor de riesgo identificado",H5="SI"),VLOOKUP(A5,'2'!$B$12:$M$212,3,FALSE)," ") | Y5: =IF(AND(N5="Aplicar identificación avanzada-condición aceptable para cada tipo de factor de riesgo identificado",H5="SI"),VLOOKUP(A5,'2'!$B$12:$M$212,4,FALSE)," ") | Z5: =IF(AND(N5="Aplicar identificación avanzada-condición aceptable para cada tipo de factor de riesgo identificado",H5="SI"),VLOOKUP(A5,'2'!$B$12:$M$212,6,FALSE)," ") | AA5: =IF(AND(N5="Aplicar identificación avanzada-condición aceptable para cada tipo de factor de riesgo identificado",H5="SI"),VLOOKUP(A5,'2'!$B$12:$M$212,7,FALSE)," ") | AB5: =IF(AND(N5="Aplicar identificación avanzada-condición aceptable para cada tipo de factor de riesgo identificado",H5="SI"),VLOOKUP(A5,'2'!$B$12:$M$212,8,FALSE)," ") | AC5: =IF(AND(N5="Aplicar identificación avanzada-condición aceptable para cada tipo de factor de riesgo identificado",H5="SI"),VLOOKUP(A5,'2'!$B$12:$M$212,9,FALSE)," ") | AD5: =IF(AND(N5="Aplicar identificación avanzada-condición aceptable para cada tipo de factor de riesgo identificado",H5="SI"),VLOOKUP(A5,'2'!$B$12:$M$212,10,FALSE)," ") | AE5: =IF(AND(N5="Aplicar identificación avanzada-condición aceptable para cada tipo de factor de riesgo identificado",I5="SI"),VLOOKUP(A5,'2'!$B$12:$M$212,2,FALSE)," ") | AF5: =IF(AND(N5="Aplicar identificación avanzada-condición aceptable para cada tipo de factor de riesgo identificado",I5="SI"),VLOOKUP(A5,'2'!$B$12:$M$212,3,FALSE)," ") | AG5: =IF(AND(N5="Aplicar identificación avanzada-condición aceptable para cada tipo de factor de riesgo identificado",I5="SI"),VLOOKUP(A5,'2'!$B$12:$M$212,4,FALSE)," ") | AH5: =IF(AND(N5="Aplicar identificación avanzada-condición aceptable para cada tipo de factor de riesgo identificado",I5="SI"),VLOOKUP(A5,'2'!$B$12:$M$212,6,FALSE)," ") | AI5: =IF(AND(N5="Aplicar identificación avanzada-condición aceptable para cada tipo de factor de riesgo identificado",I5="SI"),VLOOKUP(A5,'2'!$B$12:$M$212,7,FALSE)," ") | AJ5: =IF(AND(N5="Aplicar identificación avanzada-condición aceptable para cada tipo de factor de riesgo identificado",I5="SI"),VLOOKUP(A5,'2'!$B$12:$M$212,8,FALSE)," ") | AK5: =IF(AND(N5="Aplicar identificación avanzada-condición aceptable para cada tipo de factor de riesgo identificado",I5="SI"),VLOOKUP(A5,'2'!$B$12:$M$212,9,FALSE)," ") | AL5: =IF(AND(N5="Aplicar identificación avanzada-condición aceptable para cada tipo de factor de riesgo identificado",I5="SI"),VLOOKUP(A5,'2'!$B$12:$M$212,10,FALSE)," ") | AM5: =IF(AND(N5="Aplicar identificación avanzada-condición aceptable para cada tipo de factor de riesgo identificado",J5="SI"),VLOOKUP(A5,'2'!$B$12:$M$212,2,FALSE)," ") | AN5: =IF(AND(N5="Aplicar identificación avanzada-condición aceptable para cada tipo de factor de riesgo identificado",J5="SI"),VLOOKUP(A5,'2'!$B$12:$M$212,3,FALSE)," ") | AO5: =IF(AND(N5="Aplicar identificación avanzada-condición aceptable para cada tipo de factor de riesgo identificado",J5="SI"),VLOOKUP(A5,'2'!$B$12:$M$212,4,FALSE)," ") | AP5: =IF(AND(N5="Aplicar identificación avanzada-condición aceptable para cada tipo de factor de riesgo identificado",J5="SI"),VLOOKUP(A5,'2'!$B$12:$M$212,6,FALSE)," ") | AQ5: =IF(AND(N5="Aplicar identificación avanzada-condición aceptable para cada tipo de factor de riesgo identificado",J5="SI"),VLOOKUP(A5,'2'!$B$12:$M$212,7,FALSE)," ") | AR5: =IF(AND(N5="Aplicar identificación avanzada-condición aceptable para cada tipo de factor de riesgo identificado",J5="SI"),VLOOKUP(A5,'2'!$B$12:$M$212,8,FALSE)," ") | AS5: =IF(AND(N5="Aplicar identificación avanzada-condición aceptable para cada tipo de factor de riesgo identificado",J5="SI"),VLOOKUP(A5,'2'!$B$12:$M$212,9,FALSE)," ") | AT5: =IF(AND(N5="Aplicar identificación avanzada-condición aceptable para cada tipo de factor de riesgo identificado",J5="SI"),VLOOKUP(A5,'2'!$B$12:$M$212,10,FALSE)," ") | AU5: =IF(AND(N5="Aplicar identificación avanzada-condición aceptable para cada tipo de factor de riesgo identificado",K5="SI"),VLOOKUP(A5,'2'!$B$12:$M$212,2,FALSE)," ") | AV5: =IF(AND(N5="Aplicar identificación avanzada-condición aceptable para cada tipo de factor de riesgo identificado",K5="SI"),VLOOKUP(A5,'2'!$B$12:$M$212,3,FALSE)," ") | AW5: =IF(AND(N5="Aplicar identificación avanzada-condición aceptable para cada tipo de factor de riesgo identificado",K5="SI"),VLOOKUP(A5,'2'!$B$12:$M$212,4,FALSE)," ") | AX5: =IF(AND(N5="Aplicar identificación avanzada-condición aceptable para cada tipo de factor de riesgo identificado",K5="SI"),VLOOKUP(A5,'2'!$B$12:$M$212,6,FALSE)," ") | AY5: =IF(AND(N5="Aplicar identificación avanzada-condición aceptable para cada tipo de factor de riesgo identificado",K5="SI"),VLOOKUP(A5,'2'!$B$12:$M$212,7,FALSE)," ") | AZ5: =IF(AND(N5="Aplicar identificación avanzada-condición aceptable para cada tipo de factor de riesgo identificado",K5="SI"),VLOOKUP(A5,'2'!$B$12:$M$212,8,FALSE)," ") | BA5: =IF(AND(N5="Aplicar identificación avanzada-condición aceptable para cada tipo de factor de riesgo identificado",K5="SI"),VLOOKUP(A5,'2'!$B$12:$M$212,9,FALSE)," ") | BB5: =IF(AND(N5="Aplicar identificación avanzada-condición aceptable para cada tipo de factor de riesgo identificado",K5="SI"),VLOOKUP(A5,'2'!$B$12:$M$212,10,FALSE)," ") | BC5: =IF(AND(N5="Aplicar identificación avanzada-condición aceptable para cada tipo de factor de riesgo identificado",L5="SI"),VLOOKUP(A5,'2'!$B$12:$M$212,2,FALSE)," ") | BD5: =IF(AND(N5="Aplicar identificación avanzada-condición aceptable para cada tipo de factor de riesgo identificado",L5="SI"),VLOOKUP(A5,'2'!$B$12:$M$212,3,FALSE)," ") | BE5: =IF(AND(N5="Aplicar identificación avanzada-condición aceptable para cada tipo de factor de riesgo identificado",L5="SI"),VLOOKUP(A5,'2'!$B$12:$M$212,4,FALSE)," ") | BF5: =IF(AND(N5="Aplicar identificación avanzada-condición aceptable para cada tipo de factor de riesgo identificado",L5="SI"),VLOOKUP(A5,'2'!$B$12:$M$212,6,FALSE)," ") | BG5: =IF(AND(N5="Aplicar identificación avanzada-condición aceptable para cada tipo de factor de riesgo identificado",L5="SI"),VLOOKUP(A5,'2'!$B$12:$M$212,7,FALSE)," ") | BH5: =IF(AND(N5="Aplicar identificación avanzada-condición aceptable para cada tipo de factor de riesgo identificado",L5="SI"),VLOOKUP(A5,'2'!$B$12:$M$212,8,FALSE)," ") | BI5: =IF(AND(N5="Aplicar identificación avanzada-condición aceptable para cada tipo de factor de riesgo identificado",L5="SI"),VLOOKUP(A5,'2'!$B$12:$M$212,9,FALSE)," ") | BJ5: =IF(AND(N5="Aplicar identificación avanzada-condición aceptable para cada tipo de factor de riesgo identificado",L5="SI"),VLOOKUP(A5,'2'!$B$12:$M$212,10,FALSE)," ") | BK5: =IF(AND(N5="Aplicar identificación avanzada-condición aceptable para cada tipo de factor de riesgo identificado",M5="SI"),VLOOKUP(A5,'2'!$B$12:$M$212,2,FALSE)," ") | BL5: =IF(AND(N5="Aplicar identificación avanzada-condición aceptable para cada tipo de factor de riesgo identificado",M5="SI"),VLOOKUP(A5,'2'!$B$12:$M$212,3,FALSE)," ") | BM5: =IF(AND(N5="Aplicar identificación avanzada-condición aceptable para cada tipo de factor de riesgo identificado",M5="SI"),VLOOKUP(A5,'2'!$B$12:$M$212,4,FALSE)," ") | BN5: =IF(AND(N5="Aplicar identificación avanzada-condición aceptable para cada tipo de factor de riesgo identificado",M5="SI"),VLOOKUP(A5,'2'!$B$12:$M$212,6,FALSE)," ") | BO5: =IF(AND(N5="Aplicar identificación avanzada-condición aceptable para cada tipo de factor de riesgo identificado",M5="SI"),VLOOKUP(A5,'2'!$B$12:$M$212,7,FALSE)," ") | BP5: =IF(AND(N5="Aplicar identificación avanzada-condición aceptable para cada tipo de factor de riesgo identificado",M5="SI"),VLOOKUP(A5,'2'!$B$12:$M$212,8,FALSE)," ") | BQ5: =IF(AND(N5="Aplicar identificación avanzada-condición aceptable para cada tipo de factor de riesgo identificado",M5="SI"),VLOOKUP(A5,'2'!$B$12:$M$212,9,FALSE)," ") | BR5: =IF(AND(N5="Aplicar identificación avanzada-condición aceptable para cada tipo de factor de riesgo identificado",M5="SI"),VLOOKUP(A5,'2'!$B$12:$M$212,10,FALSE)," ")
A6: 2 | B6: ='2'!C15 -> Faena | C6: ='2'!D15 -> Operador excavadora | D6: Operador excavadora | E6: ='2'!E15 -> carga de camión | F6: ='3'!L15 -> Aplicar identificación avanzada-condición aceptable para cada tipo de factor de riesgo identificado | G6: ='3'!E15 -> SI | H6: ='3'!F15 -> NO | I6: ='3'!G15 -> NO | J6: ='3'!H15 -> NO | K6: ='3'!I15 -> SI | L6: ='3'!J15 -> SI | M6: ='3'!K15 -> SI | N6: ='3'!L15 -> Aplicar identificación avanzada-condición aceptable para cada tipo de factor de riesgo identificado | O6: =IF(AND(N6="Aplicar identificación avanzada-condición aceptable para cada tipo de factor de riesgo identificado",G6="SI"),VLOOKUP(A6,'2'!$B$12:$M$212,2,FALSE)," ") -> Faena | P6: =IF(AND(N6="Aplicar identificación avanzada-condición aceptable para cada tipo de factor de riesgo identificado",G6="SI"),VLOOKUP(A6,'2'!$B$12:$M$212,3,FALSE)," ") -> Operador excavadora | Q6: =IF(AND(N6="Aplicar identificación avanzada-condición aceptable para cada tipo de factor de riesgo identificado",G6="SI"),VLOOKUP(A6,'2'!$B$12:$M$212,4,FALSE)," ") -> carga de camión | R6: =IF(AND(N6="Aplicar identificación avanzada-condición aceptable para cada tipo de factor de riesgo identificado",G6="SI"),VLOOKUP(A6,'2'!$B$12:$M$212,6,FALSE)," ") -> 8:00 a 18:00 | S6: =IF(AND(N6="Aplicar identificación avanzada-condición aceptable para cada tipo de factor de riesgo identificado",G6="SI"),VLOOKUP(A6,'2'!$B$12:$M$212,7,FALSE)," ") -> 2 | T6: =IF(AND(N6="Aplicar identificación avanzada-condición aceptable para cada tipo de factor de riesgo identificado",G6="SI"),VLOOKUP(A6,'2'!$B$12:$M$212,8,FALSE)," ") -> 10 | U6: =IF(AND(N6="Aplicar identificación avanzada-condición aceptable para cada tipo de factor de riesgo identificado",G6="SI"),VLOOKUP(A6,'2'!$B$12:$M$212,9,FALSE)," ") -> 1 | V6: =IF(AND(N6="Aplicar identificación avanzada-condición aceptable para cada tipo de factor de riesgo identificado",G6="SI"),VLOOKUP(A6,'2'!$B$12:$M$212,10,FALSE)," ") -> 0 | W6: =IF(AND(N6="Aplicar identificación avanzada-condición aceptable para cada tipo de factor de riesgo identificado",H6="SI"),VLOOKUP(A6,'2'!$B$12:$M$212,2,FALSE)," ") | X6: =IF(AND(N6="Aplicar identificación avanzada-condición aceptable para cada tipo de factor de riesgo identificado",H6="SI"),VLOOKUP(A6,'2'!$B$12:$M$212,3,FALSE)," ") | Y6: =IF(AND(N6="Aplicar identificación avanzada-condición aceptable para cada tipo de factor de riesgo identificado",H6="SI"),VLOOKUP(A6,'2'!$B$12:$M$212,4,FALSE)," ") | Z6: =IF(AND(N6="Aplicar identificación avanzada-condición aceptable para cada tipo de factor de riesgo identificado",H6="SI"),VLOOKUP(A6,'2'!$B$12:$M$212,4,FALSE)," ") | AA6: =IF(AND(N6="Aplicar identificación avanzada-condición aceptable para cada tipo de factor de riesgo identificado",H6="SI"),VLOOKUP(A6,'2'!$B$12:$M$212,7,FALSE)," ") | AB6: =IF(AND(N6="Aplicar identificación avanzada-condición aceptable para cada tipo de factor de riesgo identificado",H6="SI"),VLOOKUP(A6,'2'!$B$12:$M$212,8,FALSE)," ") | AC6: =IF(AND(N6="Aplicar identificación avanzada-condición aceptable para cada tipo de factor de riesgo identificado",H6="SI"),VLOOKUP(A6,'2'!$B$12:$M$212,9,FALSE)," ") | AD6: =IF(AND(N6="Aplicar identificación avanzada-condición aceptable para cada tipo de factor de riesgo identificado",H6="SI"),VLOOKUP(A6,'2'!$B$12:$M$212,10,FALSE)," ") | AE6: =IF(AND(N6="Aplicar identificación avanzada-condición aceptable para cada tipo de factor de riesgo identificado",I6="SI"),VLOOKUP(A6,'2'!$B$12:$M$212,2,FALSE)," ") | AF6: =IF(AND(N6="Aplicar identificación avanzada-condición aceptable para cada tipo de factor de riesgo identificado",I6="SI"),VLOOKUP(A6,'2'!$B$12:$M$212,3,FALSE)," ") | AG6: =IF(AND(N6="Aplicar identificación avanzada-condición aceptable para cada tipo de factor de riesgo identificado",I6="SI"),VLOOKUP(A6,'2'!$B$12:$M$212,4,FALSE)," ") | AH6: =IF(AND(N6="Aplicar identificación avanzada-condición aceptable para cada tipo de factor de riesgo identificado",I6="SI"),VLOOKUP(A6,'2'!$B$12:$M$212,6,FALSE)," ") | AI6: =IF(AND(N6="Aplicar identificación avanzada-condición aceptable para cada tipo de factor de riesgo identificado",I6="SI"),VLOOKUP(A6,'2'!$B$12:$M$212,7,FALSE)," ") | AJ6: =IF(AND(N6="Aplicar identificación avanzada-condición aceptable para cada tipo de factor de riesgo identificado",I6="SI"),VLOOKUP(A6,'2'!$B$12:$M$212,8,FALSE)," ") | AK6: =IF(AND(N6="Aplicar identificación avanzada-condición aceptable para cada tipo de factor de riesgo identificado",I6="SI"),VLOOKUP(A6,'2'!$B$12:$M$212,9,FALSE)," ") | AL6: =IF(AND(N6="Aplicar identificación avanzada-condición aceptable para cada tipo de factor de riesgo identificado",I6="SI"),VLOOKUP(A6,'2'!$B$12:$M$212,10,FALSE)," ") | AM6: =IF(AND(N6="Aplicar identificación avanzada-condición aceptable para cada tipo de factor de riesgo identificado",J6="SI"),VLOOKUP(A6,'2'!$B$12:$M$212,2,FALSE)," ") | AN6: =IF(AND(N6="Aplicar identificación avanzada-condición aceptable para cada tipo de factor de riesgo identificado",J6="SI"),VLOOKUP(A6,'2'!$B$12:$M$212,3,FALSE)," ") | AO6: =IF(AND(N6="Aplicar identificación avanzada-condición aceptable para cada tipo de factor de riesgo identificado",J6="SI"),VLOOKUP(A6,'2'!$B$12:$M$212,4,FALSE)," ") | AP6: =IF(AND(N6="Aplicar identificación avanzada-condición aceptable para cada tipo de factor de riesgo identificado",J6="SI"),VLOOKUP(A6,'2'!$B$12:$M$212,6,FALSE)," ") | AQ6: =IF(AND(N6="Aplicar identificación avanzada-condición aceptable para cada tipo de factor de riesgo identificado",J6="SI"),VLOOKUP(A6,'2'!$B$12:$M$212,7,FALSE)," ") | AR6: =IF(AND(N6="Aplicar identificación avanzada-condición aceptable para cada tipo de factor de riesgo identificado",J6="SI"),VLOOKUP(A6,'2'!$B$12:$M$212,8,FALSE)," ") | AS6: =IF(AND(N6="Aplicar identificación avanzada-condición aceptable para cada tipo de factor de riesgo identificado",J6="SI"),VLOOKUP(A6,'2'!$B$12:$M$212,9,FALSE)," ") | AT6: =IF(AND(N6="Aplicar identificación avanzada-condición aceptable para cada tipo de factor de riesgo identificado",J6="SI"),VLOOKUP(A6,'2'!$B$12:$M$212,10,FALSE)," ") | AU6: =IF(AND(N6="Aplicar identificación avanzada-condición aceptable para cada tipo de factor de riesgo identificado",K6="SI"),VLOOKUP(A6,'2'!$B$12:$M$212,2,FALSE)," ") -> Faena | AV6: =IF(AND(N6="Aplicar identificación avanzada-condición aceptable para cada tipo de factor de riesgo identificado",K6="SI"),VLOOKUP(A6,'2'!$B$12:$M$212,3,FALSE)," ") -> Operador excavadora | AW6: =IF(AND(N6="Aplicar identificación avanzada-condición aceptable para cada tipo de factor de riesgo identificado",K6="SI"),VLOOKUP(A6,'2'!$B$12:$M$212,4,FALSE)," ") -> carga de camión | AX6: =IF(AND(N6="Aplicar identificación avanzada-condición aceptable para cada tipo de factor de riesgo identificado",K6="SI"),VLOOKUP(A6,'2'!$B$12:$M$212,6,FALSE)," ") -> 8:00 a 18:00 | AY6: =IF(AND(N6="Aplicar identificación avanzada-condición aceptable para cada tipo de factor de riesgo identificado",K6="SI"),VLOOKUP(A6,'2'!$B$12:$M$212,7,FALSE)," ") -> 2 | AZ6: =IF(AND(N6="Aplicar identificación avanzada-condición aceptable para cada tipo de factor de riesgo identificado",K6="SI"),VLOOKUP(A6,'2'!$B$12:$M$212,8,FALSE)," ") -> 10 | BA6: =IF(AND(N6="Aplicar identificación avanzada-condición aceptable para cada tipo de factor de riesgo identificado",K6="SI"),VLOOKUP(A6,'2'!$B$12:$M$212,9,FALSE)," ") -> 1 | BB6: =IF(AND(N6="Aplicar identificación avanzada-condición aceptable para cada tipo de factor de riesgo identificado",K6="SI"),VLOOKUP(A6,'2'!$B$12:$M$212,10,FALSE)," ") -> 0 | BC6: =IF(AND(N6="Aplicar identificación avanzada-condición aceptable para cada tipo de factor de riesgo identificado",L6="SI"),VLOOKUP(A6,'2'!$B$12:$M$212,2,FALSE)," ") -> Faena | BD6: =IF(AND(N6="Aplicar identificación avanzada-condición aceptable para cada tipo de factor de riesgo identificado",L6="SI"),VLOOKUP(A6,'2'!$B$12:$M$212,3,FALSE)," ") -> Operador excavadora | BE6: =IF(AND(N6="Aplicar identificación avanzada-condición aceptable para cada tipo de factor de riesgo identificado",L6="SI"),VLOOKUP(A6,'2'!$B$12:$M$212,4,FALSE)," ") -> carga de camión | BF6: =IF(AND(N6="Aplicar identificación avanzada-condición aceptable para cada tipo de factor de riesgo identificado",L6="SI"),VLOOKUP(A6,'2'!$B$12:$M$212,6,FALSE)," ") -> 8:00 a 18:00 | BG6: =IF(AND(N6="Aplicar identificación avanzada-condición aceptable para cada tipo de factor de riesgo identificado",L6="SI"),VLOOKUP(A6,'2'!$B$12:$M$212,7,FALSE)," ") -> 2 | BH6: =IF(AND(N6="Aplicar identificación avanzada-condición aceptable para cada tipo de factor de riesgo identificado",L6="SI"),VLOOKUP(A6,'2'!$B$12:$M$212,8,FALSE)," ") -> 10 | BI6: =IF(AND(N6="Aplicar identificación avanzada-condición aceptable para cada tipo de factor de riesgo identificado",L6="SI"),VLOOKUP(A6,'2'!$B$12:$M$212,9,FALSE)," ") -> 1 | BJ6: =IF(AND(N6="Aplicar identificación avanzada-condición aceptable para cada tipo de factor de riesgo identificado",L6="SI"),VLOOKUP(A6,'2'!$B$12:$M$212,10,FALSE)," ") -> 0 | BK6: =IF(AND(N6="Aplicar identificación avanzada-condición aceptable para cada tipo de factor de riesgo identificado",M6="SI"),VLOOKUP(A6,'2'!$B$12:$M$212,2,FALSE)," ") -> Faena | BL6: =IF(AND(N6="Aplicar identificación avanzada-condición aceptable para cada tipo de factor de riesgo identificado",M6="SI"),VLOOKUP(A6,'2'!$B$12:$M$212,3,FALSE)," ") -> Operador excavadora | BM6: =IF(AND(N6="Aplicar identificación avanzada-condición aceptable para cada tipo de factor de riesgo identificado",M6="SI"),VLOOKUP(A6,'2'!$B$12:$M$212,4,FALSE)," ") -> carga de camión | BN6: =IF(AND(N6="Aplicar identificación avanzada-condición aceptable para cada tipo de factor de riesgo identificado",M6="SI"),VLOOKUP(A6,'2'!$B$12:$M$212,6,FALSE)," ") -> 8:00 a 18:00 | BO6: =IF(AND(N6="Aplicar identificación avanzada-condición aceptable para cada tipo de factor de riesgo identificado",M6="SI"),VLOOKUP(A6,'2'!$B$12:$M$212,7,FALSE)," ") -> 2 | BP6: =IF(AND(N6="Aplicar identificación avanzada-condición aceptable para cada tipo de factor de riesgo identificado",M6="SI"),VLOOKUP(A6,'2'!$B$12:$M$212,8,FALSE)," ") -> 10 | BQ6: =IF(AND(N6="Aplicar identificación avanzada-condición aceptable para cada tipo de factor de riesgo identificado",M6="SI"),VLOOKUP(A6,'2'!$B$12:$M$212,9,FALSE)," ") -> 1 | BR6: =IF(AND(N6="Aplicar identificación avanzada-condición aceptable para cada tipo de factor de riesgo identificado",M6="SI"),VLOOKUP(A6,'2'!$B$12:$M$212,10,FALSE)," ") -> 0
A7: 3 | B7: ='2'!C16 -> area 3 | C7: ='2'!D16 -> puesto 3 | D7: puesto 3 | E7: ='2'!E16 -> tarea 3 | F7: ='3'!L16 -> Aplicar identificación avanzada-condición aceptable para cada tipo de factor de riesgo identificado | G7: ='3'!E16 -> SI | H7: ='3'!F16 -> SI | I7: ='3'!G16 -> SI | J7: ='3'!H16 -> SI | K7: ='3'!I16 -> SI | L7: ='3'!J16 -> SI | M7: ='3'!K16 -> SI | N7: ='3'!L16 -> Aplicar identificación avanzada-condición aceptable para cada tipo de factor de riesgo identificado | O7: =IF(AND(N7="Aplicar identificación avanzada-condición aceptable para cada tipo de factor de riesgo identificado",G7="SI"),VLOOKUP(A7,'2'!$B$12:$M$212,2,FALSE)," ") -> area 3 | P7: =IF(AND(N7="Aplicar identificación avanzada-condición aceptable para cada tipo de factor de riesgo identificado",G7="SI"),VLOOKUP(A7,'2'!$B$12:$M$212,3,FALSE)," ") -> puesto 3 | Q7: =IF(AND(N7="Aplicar identificación avanzada-condición aceptable para cada tipo de factor de riesgo identificado",G7="SI"),VLOOKUP(A7,'2'!$B$12:$M$212,4,FALSE)," ") -> tarea 3 | R7: =IF(AND(N7="Aplicar identificación avanzada-condición aceptable para cada tipo de factor de riesgo identificado",G7="SI"),VLOOKUP(A7,'2'!$B$12:$M$212,6,FALSE)," ") -> 0 | S7: =IF(AND(N7="Aplicar identificación avanzada-condición aceptable para cada tipo de factor de riesgo identificado",G7="SI"),VLOOKUP(A7,'2'!$B$12:$M$212,7,FALSE)," ") -> 0 | T7: =IF(AND(N7="Aplicar identificación avanzada-condición aceptable para cada tipo de factor de riesgo identificado",G7="SI"),VLOOKUP(A7,'2'!$B$12:$M$212,8,FALSE)," ") -> 0 | U7: =IF(AND(N7="Aplicar identificación avanzada-condición aceptable para cada tipo de factor de riesgo identificado",G7="SI"),VLOOKUP(A7,'2'!$B$12:$M$212,9,FALSE)," ") -> 0 | V7: =IF(AND(N7="Aplicar identificación avanzada-condición aceptable para cada tipo de factor de riesgo identificado",G7="SI"),VLOOKUP(A7,'2'!$B$12:$M$212,10,FALSE)," ") -> 0 | W7: =IF(AND(N7="Aplicar identificación avanzada-condición aceptable para cada tipo de factor de riesgo identificado",H7="SI"),VLOOKUP(A7,'2'!$B$12:$M$212,2,FALSE)," ") -> area 3 | X7: =IF(AND(N7="Aplicar identificación avanzada-condición aceptable para cada tipo de factor de riesgo identificado",H7="SI"),VLOOKUP(A7,'2'!$B$12:$M$212,3,FALSE)," ") -> puesto 3 | Y7: =IF(AND(N7="Aplicar identificación avanzada-condición aceptable para cada tipo de factor de riesgo identificado",H7="SI"),VLOOKUP(A7,'2'!$B$12:$M$212,4,FALSE)," ") -> tarea 3 | Z7: =IF(AND(N7="Aplicar identificación avanzada-condición aceptable para cada tipo de factor de riesgo identificado",H7="SI"),VLOOKUP(A7,'2'!$B$12:$M$212,4,FALSE)," ") -> tarea 3 | AA7: =IF(AND(N7="Aplicar identificación avanzada-condición aceptable para cada tipo de factor de riesgo identificado",H7="SI"),VLOOKUP(A7,'2'!$B$12:$M$212,7,FALSE)," ") -> 0 | AB7: =IF(AND(N7="Aplicar identificación avanzada-condición aceptable para cada tipo de factor de riesgo identificado",H7="SI"),VLOOKUP(A7,'2'!$B$12:$M$212,8,FALSE)," ") -> 0 | AC7: =IF(AND(N7="Aplicar identificación avanzada-condición aceptable para cada tipo de factor de riesgo identificado",H7="SI"),VLOOKUP(A7,'2'!$B$12:$M$212,9,FALSE)," ") -> 0 | AD7: =IF(AND(N7="Aplicar identificación avanzada-condición aceptable para cada tipo de factor de riesgo identificado",H7="SI"),VLOOKUP(A7,'2'!$B$12:$M$212,10,FALSE)," ") -> 0 | AE7: =IF(AND(N7="Aplicar identificación avanzada-condición aceptable para cada tipo de factor de riesgo identificado",I7="SI"),VLOOKUP(A7,'2'!$B$12:$M$212,2,FALSE)," ") -> area 3 | AF7: =IF(AND(N7="Aplicar identificación avanzada-condición aceptable para cada tipo de factor de riesgo identificado",I7="SI"),VLOOKUP(A7,'2'!$B$12:$M$212,3,FALSE)," ") -> puesto 3 | AG7: =IF(AND(N7="Aplicar identificación avanzada-condición aceptable para cada tipo de factor de riesgo identificado",I7="SI"),VLOOKUP(A7,'2'!$B$12:$M$212,4,FALSE)," ") -> tarea 3 | AH7: =IF(AND(N7="Aplicar identificación avanzada-condición aceptable para cada tipo de factor de riesgo identificado",I7="SI"),VLOOKUP(A7,'2'!$B$12:$M$212,6,FALSE)," ") -> 0 | AI7: =IF(AND(N7="Aplicar identificación avanzada-condición aceptable para cada tipo de factor de riesgo identificado",I7="SI"),VLOOKUP(A7,'2'!$B$12:$M$212,7,FALSE)," ") -> 0 | AJ7: =IF(AND(N7="Aplicar identificación avanzada-condición aceptable para cada tipo de factor de riesgo identificado",I7="SI"),VLOOKUP(A7,'2'!$B$12:$M$212,8,FALSE)," ") -> 0 | AK7: =IF(AND(N7="Aplicar identificación avanzada-condición aceptable para cada tipo de factor de riesgo identificado",I7="SI"),VLOOKUP(A7,'2'!$B$12:$M$212,9,FALSE)," ") -> 0 | AL7: =IF(AND(N7="Aplicar identificación avanzada-condición aceptable para cada tipo de factor de riesgo identificado",I7="SI"),VLOOKUP(A7,'2'!$B$12:$M$212,10,FALSE)," ") -> 0 | AM7: =IF(AND(N7="Aplicar identificación avanzada-condición aceptable para cada tipo de factor de riesgo identificado",J7="SI"),VLOOKUP(A7,'2'!$B$12:$M$212,2,FALSE)," ") -> area 3 | AN7: =IF(AND(N7="Aplicar identificación avanzada-condición aceptable para cada tipo de factor de riesgo identificado",J7="SI"),VLOOKUP(A7,'2'!$B$12:$M$212,3,FALSE)," ") -> puesto 3 | AO7: =IF(AND(N7="Aplicar identificación avanzada-condición aceptable para cada tipo de factor de riesgo identificado",J7="SI"),VLOOKUP(A7,'2'!$B$12:$M$212,4,FALSE)," ") -> tarea 3 | AP7: =IF(AND(N7="Aplicar identificación avanzada-condición aceptable para cada tipo de factor de riesgo identificado",J7="SI"),VLOOKUP(A7,'2'!$B$12:$M$212,6,FALSE)," ") -> 0 | AQ7: =IF(AND(N7="Aplicar identificación avanzada-condición aceptable para cada tipo de factor de riesgo identificado",J7="SI"),VLOOKUP(A7,'2'!$B$12:$M$212,7,FALSE)," ") -> 0 | AR7: =IF(AND(N7="Aplicar identificación avanzada-condición aceptable para cada tipo de factor de riesgo identificado",J7="SI"),VLOOKUP(A7,'2'!$B$12:$M$212,8,FALSE)," ") -> 0 | AS7: =IF(AND(N7="Aplicar identificación avanzada-condición aceptable para cada tipo de factor de riesgo identificado",J7="SI"),VLOOKUP(A7,'2'!$B$12:$M$212,9,FALSE)," ") -> 0 | AT7: =IF(AND(N7="Aplicar identificación avanzada-condición aceptable para cada tipo de factor de riesgo identificado",J7="SI"),VLOOKUP(A7,'2'!$B$12:$M$212,10,FALSE)," ") -> 0 | AU7: =IF(AND(N7="Aplicar identificación avanzada-condición aceptable para cada tipo de factor de riesgo identificado",K7="SI"),VLOOKUP(A7,'2'!$B$12:$M$212,2,FALSE)," ") -> area 3 | AV7: =IF(AND(N7="Aplicar identificación avanzada-condición aceptable para cada tipo de factor de riesgo identificado",K7="SI"),VLOOKUP(A7,'2'!$B$12:$M$212,3,FALSE)," ") -> puesto 3 | AW7: =IF(AND(N7="Aplicar identificación avanzada-condición aceptable para cada tipo de factor de riesgo identificado",K7="SI"),VLOOKUP(A7,'2'!$B$12:$M$212,4,FALSE)," ") -> tarea 3 | AX7: =IF(AND(N7="Aplicar identificación avanzada-condición aceptable para cada tipo de factor de riesgo identificado",K7="SI"),VLOOKUP(A7,'2'!$B$12:$M$212,6,FALSE)," ") -> 0 | AY7: =IF(AND(N7="Aplicar identificación avanzada-condición aceptable para cada tipo de factor de riesgo identificado",K7="SI"),VLOOKUP(A7,'2'!$B$12:$M$212,7,FALSE)," ") -> 0 | AZ7: =IF(AND(N7="Aplicar identificación avanzada-condición aceptable para cada tipo de factor de riesgo identificado",K7="SI"),VLOOKUP(A7,'2'!$B$12:$M$212,8,FALSE)," ") -> 0 | BA7: =IF(AND(N7="Aplicar identificación avanzada-condición aceptable para cada tipo de factor de riesgo identificado",K7="SI"),VLOOKUP(A7,'2'!$B$12:$M$212,9,FALSE)," ") -> 0 | BB7: =IF(AND(N7="Aplicar identificación avanzada-condición aceptable para cada tipo de factor de riesgo identificado",K7="SI"),VLOOKUP(A7,'2'!$B$12:$M$212,10,FALSE)," ") -> 0 | BC7: =IF(AND(N7="Aplicar identificación avanzada-condición aceptable para cada tipo de factor de riesgo identificado",L7="SI"),VLOOKUP(A7,'2'!$B$12:$M$212,2,FALSE)," ") -> area 3 | BD7: =IF(AND(N7="Aplicar identificación avanzada-condición aceptable para cada tipo de factor de riesgo identificado",L7="SI"),VLOOKUP(A7,'2'!$B$12:$M$212,3,FALSE)," ") -> puesto 3 | BE7: =IF(AND(N7="Aplicar identificación avanzada-condición aceptable para cada tipo de factor de riesgo identificado",L7="SI"),VLOOKUP(A7,'2'!$B$12:$M$212,4,FALSE)," ") -> tarea 3 | BF7: =IF(AND(N7="Aplicar identificación avanzada-condición aceptable para cada tipo de factor de riesgo identificado",L7="SI"),VLOOKUP(A7,'2'!$B$12:$M$212,6,FALSE)," ") -> 0 | BG7: =IF(AND(N7="Aplicar identificación avanzada-condición aceptable para cada tipo de factor de riesgo identificado",L7="SI"),VLOOKUP(A7,'2'!$B$12:$M$212,7,FALSE)," ") -> 0 | BH7: =IF(AND(N7="Aplicar identificación avanzada-condición aceptable para cada tipo de factor de riesgo identificado",L7="SI"),VLOOKUP(A7,'2'!$B$12:$M$212,8,FALSE)," ") -> 0 | BI7: =IF(AND(N7="Aplicar identificación avanzada-condición aceptable para cada tipo de factor de riesgo identificado",L7="SI"),VLOOKUP(A7,'2'!$B$12:$M$212,9,FALSE)," ") -> 0 | BJ7: =IF(AND(N7="Aplicar identificación avanzada-condición aceptable para cada tipo de factor de riesgo identificado",L7="SI"),VLOOKUP(A7,'2'!$B$12:$M$212,10,FALSE)," ") -> 0 | BK7: =IF(AND(N7="Aplicar identificación avanzada-condición aceptable para cada tipo de factor de riesgo identificado",M7="SI"),VLOOKUP(A7,'2'!$B$12:$M$212,2,FALSE)," ") -> area 3 | BL7: =IF(AND(N7="Aplicar identificación avanzada-condición aceptable para cada tipo de factor de riesgo identificado",M7="SI"),VLOOKUP(A7,'2'!$B$12:$M$212,3,FALSE)," ") -> puesto 3 | BM7: =IF(AND(N7="Aplicar identificación avanzada-condición aceptable para cada tipo de factor de riesgo identificado",M7="SI"),VLOOKUP(A7,'2'!$B$12:$M$212,4,FALSE)," ") -> tarea 3 | BN7: =IF(AND(N7="Aplicar identificación avanzada-condición aceptable para cada tipo de factor de riesgo identificado",M7="SI"),VLOOKUP(A7,'2'!$B$12:$M$212,6,FALSE)," ") -> 0 | BO7: =IF(AND(N7="Aplicar identificación avanzada-condición aceptable para cada tipo de factor de riesgo identificado",M7="SI"),VLOOKUP(A7,'2'!$B$12:$M$212,7,FALSE)," ") -> 0 | BP7: =IF(AND(N7="Aplicar identificación avanzada-condición aceptable para cada tipo de factor de riesgo identificado",M7="SI"),VLOOKUP(A7,'2'!$B$12:$M$212,8,FALSE)," ") -> 0 | BQ7: =IF(AND(N7="Aplicar identificación avanzada-condición aceptable para cada tipo de factor de riesgo identificado",M7="SI"),VLOOKUP(A7,'2'!$B$12:$M$212,9,FALSE)," ") -> 0 | BR7: =IF(AND(N7="Aplicar identificación avanzada-condición aceptable para cada tipo de factor de riesgo identificado",M7="SI"),VLOOKUP(A7,'2'!$B$12:$M$212,10,FALSE)," ") -> 0
A8: 4 | B8: ='2'!C17 -> area 4 | C8: ='2'!D17 -> puesto 4 | D8: puesto 4 | E8: ='2'!E17 -> tarea 4 | F8: ='3'!L17 -> Aplicar identificación avanzada-condición aceptable para cada tipo de factor de riesgo identificado | G8: ='3'!E17 -> SI | H8: ='3'!F17 -> SI | I8: ='3'!G17 -> SI | J8: ='3'!H17 -> SI | K8: ='3'!I17 -> SI | L8: ='3'!J17 -> SI | M8: ='3'!K17 -> SI | N8: ='3'!L17 -> Aplicar identificación avanzada-condición aceptable para cada tipo de factor de riesgo identificado | O8: =IF(AND(N8="Aplicar identificación avanzada-condición aceptable para cada tipo de factor de riesgo identificado",G8="SI"),VLOOKUP(A8,'2'!$B$12:$M$212,2,FALSE)," ") -> area 4 | P8: =IF(AND(N8="Aplicar identificación avanzada-condición aceptable para cada tipo de factor de riesgo identificado",G8="SI"),VLOOKUP(A8,'2'!$B$12:$M$212,3,FALSE)," ") -> puesto 4 | Q8: =IF(AND(N8="Aplicar identificación avanzada-condición aceptable para cada tipo de factor de riesgo identificado",G8="SI"),VLOOKUP(A8,'2'!$B$12:$M$212,4,FALSE)," ") -> tarea 4 | R8: =IF(AND(N8="Aplicar identificación avanzada-condición aceptable para cada tipo de factor de riesgo identificado",G8="SI"),VLOOKUP(A8,'2'!$B$12:$M$212,6,FALSE)," ") -> 0 | S8: =IF(AND(N8="Aplicar identificación avanzada-condición aceptable para cada tipo de factor de riesgo identificado",G8="SI"),VLOOKUP(A8,'2'!$B$12:$M$212,7,FALSE)," ") -> 0 | T8: =IF(AND(N8="Aplicar identificación avanzada-condición aceptable para cada tipo de factor de riesgo identificado",G8="SI"),VLOOKUP(A8,'2'!$B$12:$M$212,8,FALSE)," ") -> 0 | U8: =IF(AND(N8="Aplicar identificación avanzada-condición aceptable para cada tipo de factor de riesgo identificado",G8="SI"),VLOOKUP(A8,'2'!$B$12:$M$212,9,FALSE)," ") -> 0 | V8: =IF(AND(N8="Aplicar identificación avanzada-condición aceptable para cada tipo de factor de riesgo identificado",G8="SI"),VLOOKUP(A8,'2'!$B$12:$M$212,10,FALSE)," ") -> 0 | W8: =IF(AND(N8="Aplicar identificación avanzada-condición aceptable para cada tipo de factor de riesgo identificado",H8="SI"),VLOOKUP(A8,'2'!$B$12:$M$212,2,FALSE)," ") -> area 4 | X8: =IF(AND(N8="Aplicar identificación avanzada-condición aceptable para cada tipo de factor de riesgo identificado",H8="SI"),VLOOKUP(A8,'2'!$B$12:$M$212,3,FALSE)," ") -> puesto 4 | Y8: =IF(AND(N8="Aplicar identificación avanzada-condición aceptable para cada tipo de factor de riesgo identificado",H8="SI"),VLOOKUP(A8,'2'!$B$12:$M$212,4,FALSE)," ") -> tarea 4 | Z8: =IF(AND(N8="Aplicar identificación avanzada-condición aceptable para cada tipo de factor de riesgo identificado",H8="SI"),VLOOKUP(A8,'2'!$B$12:$M$212,4,FALSE)," ") -> tarea 4 | AA8: =IF(AND(N8="Aplicar identificación avanzada-condición aceptable para cada tipo de factor de riesgo identificado",H8="SI"),VLOOKUP(A8,'2'!$B$12:$M$212,7,FALSE)," ") -> 0 | AB8: =IF(AND(N8="Aplicar identificación avanzada-condición aceptable para cada tipo de factor de riesgo identificado",H8="SI"),VLOOKUP(A8,'2'!$B$12:$M$212,8,FALSE)," ") -> 0 | AC8: =IF(AND(N8="Aplicar identificación avanzada-condición aceptable para cada tipo de factor de riesgo identificado",H8="SI"),VLOOKUP(A8,'2'!$B$12:$M$212,9,FALSE)," ") -> 0 | AD8: =IF(AND(N8="Aplicar identificación avanzada-condición aceptable para cada tipo de factor de riesgo identificado",H8="SI"),VLOOKUP(A8,'2'!$B$12:$M$212,10,FALSE)," ") -> 0 | AE8: =IF(AND(N8="Aplicar identificación avanzada-condición aceptable para cada tipo de factor de riesgo identificado",I8="SI"),VLOOKUP(A8,'2'!$B$12:$M$212,2,FALSE)," ") -> area 4 | AF8: =IF(AND(N8="Aplicar identificación avanzada-condición aceptable para cada tipo de factor de riesgo identificado",I8="SI"),VLOOKUP(A8,'2'!$B$12:$M$212,3,FALSE)," ") -> puesto 4 | AG8: =IF(AND(N8="Aplicar identificación avanzada-condición aceptable para cada tipo de factor de riesgo identificado",I8="SI"),VLOOKUP(A8,'2'!$B$12:$M$212,4,FALSE)," ") -> tarea 4 | AH8: =IF(AND(N8="Aplicar identificación avanzada-condición aceptable para cada tipo de factor de riesgo identificado",I8="SI"),VLOOKUP(A8,'2'!$B$12:$M$212,6,FALSE)," ") -> 0 | AI8: =IF(AND(N8="Aplicar identificación avanzada-condición aceptable para cada tipo de factor de riesgo identificado",I8="SI"),VLOOKUP(A8,'2'!$B$12:$M$212,7,FALSE)," ") -> 0 | AJ8: =IF(AND(N8="Aplicar identificación avanzada-condición aceptable para cada tipo de factor de riesgo identificado",I8="SI"),VLOOKUP(A8,'2'!$B$12:$M$212,8,FALSE)," ") -> 0 | AK8: =IF(AND(N8="Aplicar identificación avanzada-condición aceptable para cada tipo de factor de riesgo identificado",I8="SI"),VLOOKUP(A8,'2'!$B$12:$M$212,9,FALSE)," ") -> 0 | AL8: =IF(AND(N8="Aplicar identificación avanzada-condición aceptable para cada tipo de factor de riesgo identificado",I8="SI"),VLOOKUP(A8,'2'!$B$12:$M$212,10,FALSE)," ") -> 0 | AM8: =IF(AND(N8="Aplicar identificación avanzada-condición aceptable para cada tipo de factor de riesgo identificado",J8="SI"),VLOOKUP(A8,'2'!$B$12:$M$212,2,FALSE)," ") -> area 4 | AN8: =IF(AND(N8="Aplicar identificación avanzada-condición aceptable para cada tipo de factor de riesgo identificado",J8="SI"),VLOOKUP(A8,'2'!$B$12:$M$212,3,FALSE)," ") -> puesto 4 | AO8: =IF(AND(N8="Aplicar identificación avanzada-condición aceptable para cada tipo de factor de riesgo identificado",J8="SI"),VLOOKUP(A8,'2'!$B$12:$M$212,4,FALSE)," ") -> tarea 4 | AP8: =IF(AND(N8="Aplicar identificación avanzada-condición aceptable para cada tipo de factor de riesgo identificado",J8="SI"),VLOOKUP(A8,'2'!$B$12:$M$212,6,FALSE)," ") -> 0 | AQ8: =IF(AND(N8="Aplicar identificación avanzada-condición aceptable para cada tipo de factor de riesgo identificado",J8="SI"),VLOOKUP(A8,'2'!$B$12:$M$212,7,FALSE)," ") -> 0 | AR8: =IF(AND(N8="Aplicar identificación avanzada-condición aceptable para cada tipo de factor de riesgo identificado",J8="SI"),VLOOKUP(A8,'2'!$B$12:$M$212,8,FALSE)," ") -> 0 | AS8: =IF(AND(N8="Aplicar identificación avanzada-condición aceptable para cada tipo de factor de riesgo identificado",J8="SI"),VLOOKUP(A8,'2'!$B$12:$M$212,9,FALSE)," ") -> 0 | AT8: =IF(AND(N8="Aplicar identificación avanzada-condición aceptable para cada tipo de factor de riesgo identificado",J8="SI"),VLOOKUP(A8,'2'!$B$12:$M$212,10,FALSE)," ") -> 0 | AU8: =IF(AND(N8="Aplicar identificación avanzada-condición aceptable para cada tipo de factor de riesgo identificado",K8="SI"),VLOOKUP(A8,'2'!$B$12:$M$212,2,FALSE)," ") -> area 4 | AV8: =IF(AND(N8="Aplicar identificación avanzada-condición aceptable para cada tipo de factor de riesgo identificado",K8="SI"),VLOOKUP(A8,'2'!$B$12:$M$212,3,FALSE)," ") -> puesto 4 | AW8: =IF(AND(N8="Aplicar identificación avanzada-condición aceptable para cada tipo de factor de riesgo identificado",K8="SI"),VLOOKUP(A8,'2'!$B$12:$M$212,4,FALSE)," ") -> tarea 4 | AX8: =IF(AND(N8="Aplicar identificación avanzada-condición aceptable para cada tipo de factor de riesgo identificado",K8="SI"),VLOOKUP(A8,'2'!$B$12:$M$212,6,FALSE)," ") -> 0 | AY8: =IF(AND(N8="Aplicar identificación avanzada-condición aceptable para cada tipo de factor de riesgo identificado",K8="SI"),VLOOKUP(A8,'2'!$B$12:$M$212,7,FALSE)," ") -> 0 | AZ8: =IF(AND(N8="Aplicar identificación avanzada-condición aceptable para cada tipo de factor de riesgo identificado",K8="SI"),VLOOKUP(A8,'2'!$B$12:$M$212,8,FALSE)," ") -> 0 | BA8: =IF(AND(N8="Aplicar identificación avanzada-condición aceptable para cada tipo de factor de riesgo identificado",K8="SI"),VLOOKUP(A8,'2'!$B$12:$M$212,9,FALSE)," ") -> 0 | BB8: =IF(AND(N8="Aplicar identificación avanzada-condición aceptable para cada tipo de factor de riesgo identificado",K8="SI"),VLOOKUP(A8,'2'!$B$12:$M$212,10,FALSE)," ") -> 0 | BC8: =IF(AND(N8="Aplicar identificación avanzada-condición aceptable para cada tipo de factor de riesgo identificado",L8="SI"),VLOOKUP(A8,'2'!$B$12:$M$212,2,FALSE)," ") -> area 4 | BD8: =IF(AND(N8="Aplicar identificación avanzada-condición aceptable para cada tipo de factor de riesgo identificado",L8="SI"),VLOOKUP(A8,'2'!$B$12:$M$212,3,FALSE)," ") -> puesto 4 | BE8: =IF(AND(N8="Aplicar identificación avanzada-condición aceptable para cada tipo de factor de riesgo identificado",L8="SI"),VLOOKUP(A8,'2'!$B$12:$M$212,4,FALSE)," ") -> tarea 4 | BF8: =IF(AND(N8="Aplicar identificación avanzada-condición aceptable para cada tipo de factor de riesgo identificado",L8="SI"),VLOOKUP(A8,'2'!$B$12:$M$212,6,FALSE)," ") -> 0 | BG8: =IF(AND(N8="Aplicar identificación avanzada-condición aceptable para cada tipo de factor de riesgo identificado",L8="SI"),VLOOKUP(A8,'2'!$B$12:$M$212,7,FALSE)," ") -> 0 | BH8: =IF(AND(N8="Aplicar identificación avanzada-condición aceptable para cada tipo de factor de riesgo identificado",L8="SI"),VLOOKUP(A8,'2'!$B$12:$M$212,8,FALSE)," ") -> 0 | BI8: =IF(AND(N8="Aplicar identificación avanzada-condición aceptable para cada tipo de factor de riesgo identificado",L8="SI"),VLOOKUP(A8,'2'!$B$12:$M$212,9,FALSE)," ") -> 0 | BJ8: =IF(AND(N8="Aplicar identificación avanzada-condición aceptable para cada tipo de factor de riesgo identificado",L8="SI"),VLOOKUP(A8,'2'!$B$12:$M$212,10,FALSE)," ") -> 0 | BK8: =IF(AND(N8="Aplicar identificación avanzada-condición aceptable para cada tipo de factor de riesgo identificado",M8="SI"),VLOOKUP(A8,'2'!$B$12:$M$212,2,FALSE)," ") -> area 4 | BL8: =IF(AND(N8="Aplicar identificación avanzada-condición aceptable para cada tipo de factor de riesgo identificado",M8="SI"),VLOOKUP(A8,'2'!$B$12:$M$212,3,FALSE)," ") -> puesto 4 | BM8: =IF(AND(N8="Aplicar identificación avanzada-condición aceptable para cada tipo de factor de riesgo identificado",M8="SI"),VLOOKUP(A8,'2'!$B$12:$M$212,4,FALSE)," ") -> tarea 4 | BN8: =IF(AND(N8="Aplicar identificación avanzada-condición aceptable para cada tipo de factor de riesgo identificado",M8="SI"),VLOOKUP(A8,'2'!$B$12:$M$212,6,FALSE)," ") -> 0 | BO8: =IF(AND(N8="Aplicar identificación avanzada-condición aceptable para cada tipo de factor de riesgo identificado",M8="SI"),VLOOKUP(A8,'2'!$B$12:$M$212,7,FALSE)," ") -> 0 | BP8: =IF(AND(N8="Aplicar identificación avanzada-condición aceptable para cada tipo de factor de riesgo identificado",M8="SI"),VLOOKUP(A8,'2'!$B$12:$M$212,8,FALSE)," ") -> 0 | BQ8: =IF(AND(N8="Aplicar identificación avanzada-condición aceptable para cada tipo de factor de riesgo identificado",M8="SI"),VLOOKUP(A8,'2'!$B$12:$M$212,9,FALSE)," ") -> 0 | BR8: =IF(AND(N8="Aplicar identificación avanzada-condición aceptable para cada tipo de factor de riesgo identificado",M8="SI"),VLOOKUP(A8,'2'!$B$12:$M$212,10,FALSE)," ") -> 0
A9: 5 | B9: ='2'!C18 -> area 5 | C9: ='2'!D18 -> puesto 5 | D9: puesto 5 | E9: ='2'!E18 -> tarea 5 | F9: ='3'!L18 -> Aplicar identificación avanzada-condición aceptable para cada tipo de factor de riesgo identificado | G9: ='3'!E18 -> SI | H9: ='3'!F18 -> SI | I9: ='3'!G18 -> SI | J9: ='3'!H18 -> SI | K9: ='3'!I18 -> SI | L9: ='3'!J18 -> SI | M9: ='3'!K18 -> SI | N9: ='3'!L18 -> Aplicar identificación avanzada-condición aceptable para cada tipo de factor de riesgo identificado | O9: =IF(AND(N9="Aplicar identificación avanzada-condición aceptable para cada tipo de factor de riesgo identificado",G9="SI"),VLOOKUP(A9,'2'!$B$12:$M$212,2,FALSE)," ") -> area 5 | P9: =IF(AND(N9="Aplicar identificación avanzada-condición aceptable para cada tipo de factor de riesgo identificado",G9="SI"),VLOOKUP(A9,'2'!$B$12:$M$212,3,FALSE)," ") -> puesto 5 | Q9: =IF(AND(N9="Aplicar identificación avanzada-condición aceptable para cada tipo de factor de riesgo identificado",G9="SI"),VLOOKUP(A9,'2'!$B$12:$M$212,4,FALSE)," ") -> tarea 5 | R9: =IF(AND(N9="Aplicar identificación avanzada-condición aceptable para cada tipo de factor de riesgo identificado",G9="SI"),VLOOKUP(A9,'2'!$B$12:$M$212,6,FALSE)," ") -> 0 | S9: =IF(AND(N9="Aplicar identificación avanzada-condición aceptable para cada tipo de factor de riesgo identificado",G9="SI"),VLOOKUP(A9,'2'!$B$12:$M$212,7,FALSE)," ") -> 0 | T9: =IF(AND(N9="Aplicar identificación avanzada-condición aceptable para cada tipo de factor de riesgo identificado",G9="SI"),VLOOKUP(A9,'2'!$B$12:$M$212,8,FALSE)," ") -> 0 | U9: =IF(AND(N9="Aplicar identificación avanzada-condición aceptable para cada tipo de factor de riesgo identificado",G9="SI"),VLOOKUP(A9,'2'!$B$12:$M$212,9,FALSE)," ") -> 0 | V9: =IF(AND(N9="Aplicar identificación avanzada-condición aceptable para cada tipo de factor de riesgo identificado",G9="SI"),VLOOKUP(A9,'2'!$B$12:$M$212,10,FALSE)," ") -> 0 | W9: =IF(AND(N9="Aplicar identificación avanzada-condición aceptable para cada tipo de factor de riesgo identificado",H9="SI"),VLOOKUP(A9,'2'!$B$12:$M$212,2,FALSE)," ") -> area 5 | X9: =IF(AND(N9="Aplicar identificación avanzada-condición aceptable para cada tipo de factor de riesgo identificado",H9="SI"),VLOOKUP(A9,'2'!$B$12:$M$212,3,FALSE)," ") -> puesto 5 | Y9: =IF(AND(N9="Aplicar identificación avanzada-condición aceptable para cada tipo de factor de riesgo identificado",H9="SI"),VLOOKUP(A9,'2'!$B$12:$M$212,4,FALSE)," ") -> tarea 5 | Z9: =IF(AND(N9="Aplicar identificación avanzada-condición aceptable para cada tipo de factor de riesgo identificado",H9="SI"),VLOOKUP(A9,'2'!$B$12:$M$212,4,FALSE)," ") -> tarea 5 | AA9: =IF(AND(N9="Aplicar identificación avanzada-condición aceptable para cada tipo de factor de riesgo identificado",H9="SI"),VLOOKUP(A9,'2'!$B$12:$M$212,7,FALSE)," ") -> 0 | AB9: =IF(AND(N9="Aplicar identificación avanzada-condición aceptable para cada tipo de factor de riesgo identificado",H9="SI"),VLOOKUP(A9,'2'!$B$12:$M$212,8,FALSE)," ") -> 0 | AC9: =IF(AND(N9="Aplicar identificación avanzada-condición aceptable para cada tipo de factor de riesgo identificado",H9="SI"),VLOOKUP(A9,'2'!$B$12:$M$212,9,FALSE)," ") -> 0 | AD9: =IF(AND(N9="Aplicar identificación avanzada-condición aceptable para cada tipo de factor de riesgo identificado",H9="SI"),VLOOKUP(A9,'2'!$B$12:$M$212,10,FALSE)," ") -> 0 | AE9: =IF(AND(N9="Aplicar identificación avanzada-condición aceptable para cada tipo de factor de riesgo identificado",I9="SI"),VLOOKUP(A9,'2'!$B$12:$M$212,2,FALSE)," ") -> area 5 | AF9: =IF(AND(N9="Aplicar identificación avanzada-condición aceptable para cada tipo de factor de riesgo identificado",I9="SI"),VLOOKUP(A9,'2'!$B$12:$M$212,3,FALSE)," ") -> puesto 5 | AG9: =IF(AND(N9="Aplicar identificación avanzada-condición aceptable para cada tipo de factor de riesgo identificado",I9="SI"),VLOOKUP(A9,'2'!$B$12:$M$212,4,FALSE)," ") -> tarea 5 | AH9: =IF(AND(N9="Aplicar identificación avanzada-condición aceptable para cada tipo de factor de riesgo identificado",I9="SI"),VLOOKUP(A9,'2'!$B$12:$M$212,6,FALSE)," ") -> 0 | AI9: =IF(AND(N9="Aplicar identificación avanzada-condición aceptable para cada tipo de factor de riesgo identificado",I9="SI"),VLOOKUP(A9,'2'!$B$12:$M$212,7,FALSE)," ") -> 0 | AJ9: =IF(AND(N9="Aplicar identificación avanzada-condición aceptable para cada tipo de factor de riesgo identificado",I9="SI"),VLOOKUP(A9,'2'!$B$12:$M$212,8,FALSE)," ") -> 0 | AK9: =IF(AND(N9="Aplicar identificación avanzada-condición aceptable para cada tipo de factor de riesgo identificado",I9="SI"),VLOOKUP(A9,'2'!$B$12:$M$212,9,FALSE)," ") -> 0 | AL9: =IF(AND(N9="Aplicar identificación avanzada-condición aceptable para cada tipo de factor de riesgo identificado",I9="SI"),VLOOKUP(A9,'2'!$B$12:$M$212,10,FALSE)," ") -> 0 | AM9: =IF(AND(N9="Aplicar identificación avanzada-condición aceptable para cada tipo de factor de riesgo identificado",J9="SI"),VLOOKUP(A9,'2'!$B$12:$M$212,2,FALSE)," ") -> area 5 | AN9: =IF(AND(N9="Aplicar identificación avanzada-condición aceptable para cada tipo de factor de riesgo identificado",J9="SI"),VLOOKUP(A9,'2'!$B$12:$M$212,3,FALSE)," ") -> puesto 5 | AO9: =IF(AND(N9="Aplicar identificación avanzada-condición aceptable para cada tipo de factor de riesgo identificado",J9="SI"),VLOOKUP(A9,'2'!$B$12:$M$212,4,FALSE)," ") -> tarea 5 | AP9: =IF(AND(N9="Aplicar identificación avanzada-condición aceptable para cada tipo de factor de riesgo identificado",J9="SI"),VLOOKUP(A9,'2'!$B$12:$M$212,6,FALSE)," ") -> 0 | AQ9: =IF(AND(N9="Aplicar identificación avanzada-condición aceptable para cada tipo de factor de riesgo identificado",J9="SI"),VLOOKUP(A9,'2'!$B$12:$M$212,7,FALSE)," ") -> 0 | AR9: =IF(AND(N9="Aplicar identificación avanzada-condición aceptable para cada tipo de factor de riesgo identificado",J9="SI"),VLOOKUP(A9,'2'!$B$12:$M$212,8,FALSE)," ") -> 0 | AS9: =IF(AND(N9="Aplicar identificación avanzada-condición aceptable para cada tipo de factor de riesgo identificado",J9="SI"),VLOOKUP(A9,'2'!$B$12:$M$212,9,FALSE)," ") -> 0 | AT9: =IF(AND(N9="Aplicar identificación avanzada-condición aceptable para cada tipo de factor de riesgo identificado",J9="SI"),VLOOKUP(A9,'2'!$B$12:$M$212,10,FALSE)," ") -> 0 | AU9: =IF(AND(N9="Aplicar identificación avanzada-condición aceptable para cada tipo de factor de riesgo identificado",K9="SI"),VLOOKUP(A9,'2'!$B$12:$M$212,2,FALSE)," ") -> area 5 | AV9: =IF(AND(N9="Aplicar identificación avanzada-condición aceptable para cada tipo de factor de riesgo identificado",K9="SI"),VLOOKUP(A9,'2'!$B$12:$M$212,3,FALSE)," ") -> puesto 5 | AW9: =IF(AND(N9="Aplicar identificación avanzada-condición aceptable para cada tipo de factor de riesgo identificado",K9="SI"),VLOOKUP(A9,'2'!$B$12:$M$212,4,FALSE)," ") -> tarea 5 | AX9: =IF(AND(N9="Aplicar identificación avanzada-condición aceptable para cada tipo de factor de riesgo identificado",K9="SI"),VLOOKUP(A9,'2'!$B$12:$M$212,6,FALSE)," ") -> 0 | AY9: =IF(AND(N9="Aplicar identificación avanzada-condición aceptable para cada tipo de factor de riesgo identificado",K9="SI"),VLOOKUP(A9,'2'!$B$12:$M$212,7,FALSE)," ") -> 0 | AZ9: =IF(AND(N9="Aplicar identificación avanzada-condición aceptable para cada tipo de factor de riesgo identificado",K9="SI"),VLOOKUP(A9,'2'!$B$12:$M$212,8,FALSE)," ") -> 0 | BA9: =IF(AND(N9="Aplicar identificación avanzada-condición aceptable para cada tipo de factor de riesgo identificado",K9="SI"),VLOOKUP(A9,'2'!$B$12:$M$212,9,FALSE)," ") -> 0 | BB9: =IF(AND(N9="Aplicar identificación avanzada-condición aceptable para cada tipo de factor de riesgo identificado",K9="SI"),VLOOKUP(A9,'2'!$B$12:$M$212,10,FALSE)," ") -> 0 | BC9: =IF(AND(N9="Aplicar identificación avanzada-condición aceptable para cada tipo de factor de riesgo identificado",L9="SI"),VLOOKUP(A9,'2'!$B$12:$M$212,2,FALSE)," ") -> area 5 | BD9: =IF(AND(N9="Aplicar identificación avanzada-condición aceptable para cada tipo de factor de riesgo identificado",L9="SI"),VLOOKUP(A9,'2'!$B$12:$M$212,3,FALSE)," ") -> puesto 5 | BE9: =IF(AND(N9="Aplicar identificación avanzada-condición aceptable para cada tipo de factor de riesgo identificado",L9="SI"),VLOOKUP(A9,'2'!$B$12:$M$212,4,FALSE)," ") -> tarea 5 | BF9: =IF(AND(N9="Aplicar identificación avanzada-condición aceptable para cada tipo de factor de riesgo identificado",L9="SI"),VLOOKUP(A9,'2'!$B$12:$M$212,6,FALSE)," ") -> 0 | BG9: =IF(AND(N9="Aplicar identificación avanzada-condición aceptable para cada tipo de factor de riesgo identificado",L9="SI"),VLOOKUP(A9,'2'!$B$12:$M$212,7,FALSE)," ") -> 0 | BH9: =IF(AND(N9="Aplicar identificación avanzada-condición aceptable para cada tipo de factor de riesgo identificado",L9="SI"),VLOOKUP(A9,'2'!$B$12:$M$212,8,FALSE)," ") -> 0 | BI9: =IF(AND(N9="Aplicar identificación avanzada-condición aceptable para cada tipo de factor de riesgo identificado",L9="SI"),VLOOKUP(A9,'2'!$B$12:$M$212,9,FALSE)," ") -> 0 | BJ9: =IF(AND(N9="Aplicar identificación avanzada-condición aceptable para cada tipo de factor de riesgo identificado",L9="SI"),VLOOKUP(A9,'2'!$B$12:$M$212,10,FALSE)," ") -> 0 | BK9: =IF(AND(N9="Aplicar identificación avanzada-condición aceptable para cada tipo de factor de riesgo identificado",M9="SI"),VLOOKUP(A9,'2'!$B$12:$M$212,2,FALSE)," ") -> area 5 | BL9: =IF(AND(N9="Aplicar identificación avanzada-condición aceptable para cada tipo de factor de riesgo identificado",M9="SI"),VLOOKUP(A9,'2'!$B$12:$M$212,3,FALSE)," ") -> puesto 5 | BM9: =IF(AND(N9="Aplicar identificación avanzada-condición aceptable para cada tipo de factor de riesgo identificado",M9="SI"),VLOOKUP(A9,'2'!$B$12:$M$212,4,FALSE)," ") -> tarea 5 | BN9: =IF(AND(N9="Aplicar identificación avanzada-condición aceptable para cada tipo de factor de riesgo identificado",M9="SI"),VLOOKUP(A9,'2'!$B$12:$M$212,6,FALSE)," ") -> 0 | BO9: =IF(AND(N9="Aplicar identificación avanzada-condición aceptable para cada tipo de factor de riesgo identificado",M9="SI"),VLOOKUP(A9,'2'!$B$12:$M$212,7,FALSE)," ") -> 0 | BP9: =IF(AND(N9="Aplicar identificación avanzada-condición aceptable para cada tipo de factor de riesgo identificado",M9="SI"),VLOOKUP(A9,'2'!$B$12:$M$212,8,FALSE)," ") -> 0 | BQ9: =IF(AND(N9="Aplicar identificación avanzada-condición aceptable para cada tipo de factor de riesgo identificado",M9="SI"),VLOOKUP(A9,'2'!$B$12:$M$212,9,FALSE)," ") -> 0 | BR9: =IF(AND(N9="Aplicar identificación avanzada-condición aceptable para cada tipo de factor de riesgo identificado",M9="SI"),VLOOKUP(A9,'2'!$B$12:$M$212,10,FALSE)," ") -> 0
A10: 6 | B10: ='2'!C19 -> area 6 | C10: ='2'!D19 -> puesto 6 | D10: puesto 6 | E10: ='2'!E19 -> tarea 6 | F10: ='3'!L19 -> Aplicar identificación avanzada-condición aceptable para cada tipo de factor de riesgo identificado | G10: ='3'!E19 -> SI | H10: ='3'!F19 -> SI | I10: ='3'!G19 -> SI | J10: ='3'!H19 -> SI | K10: ='3'!I19 -> SI | L10: ='3'!J19 -> SI | M10: ='3'!K19 -> SI | N10: ='3'!L19 -> Aplicar identificación avanzada-condición aceptable para cada tipo de factor de riesgo identificado | O10: =IF(AND(N10="Aplicar identificación avanzada-condición aceptable para cada tipo de factor de riesgo identificado",G10="SI"),VLOOKUP(A10,'2'!$B$12:$M$212,2,FALSE)," ") -> area 6 | P10: =IF(AND(N10="Aplicar identificación avanzada-condición aceptable para cada tipo de factor de riesgo identificado",G10="SI"),VLOOKUP(A10,'2'!$B$12:$M$212,3,FALSE)," ") -> puesto 6 | Q10: =IF(AND(N10="Aplicar identificación avanzada-condición aceptable para cada tipo de factor de riesgo identificado",G10="SI"),VLOOKUP(A10,'2'!$B$12:$M$212,4,FALSE)," ") -> tarea 6 | R10: =IF(AND(N10="Aplicar identificación avanzada-condición aceptable para cada tipo de factor de riesgo identificado",G10="SI"),VLOOKUP(A10,'2'!$B$12:$M$212,6,FALSE)," ") -> 0 | S10: =IF(AND(N10="Aplicar identificación avanzada-condición aceptable para cada tipo de factor de riesgo identificado",G10="SI"),VLOOKUP(A10,'2'!$B$12:$M$212,7,FALSE)," ") -> 0 | T10: =IF(AND(N10="Aplicar identificación avanzada-condición aceptable para cada tipo de factor de riesgo identificado",G10="SI"),VLOOKUP(A10,'2'!$B$12:$M$212,8,FALSE)," ") -> 0 | U10: =IF(AND(N10="Aplicar identificación avanzada-condición aceptable para cada tipo de factor de riesgo identificado",G10="SI"),VLOOKUP(A10,'2'!$B$12:$M$212,9,FALSE)," ") -> 0 | V10: =IF(AND(N10="Aplicar identificación avanzada-condición aceptable para cada tipo de factor de riesgo identificado",G10="SI"),VLOOKUP(A10,'2'!$B$12:$M$212,10,FALSE)," ") -> 0 | W10: =IF(AND(N10="Aplicar identificación avanzada-condición aceptable para cada tipo de factor de riesgo identificado",H10="SI"),VLOOKUP(A10,'2'!$B$12:$M$212,2,FALSE)," ") -> area 6 | X10: =IF(AND(N10="Aplicar identificación avanzada-condición aceptable para cada tipo de factor de riesgo identificado",H10="SI"),VLOOKUP(A10,'2'!$B$12:$M$212,3,FALSE)," ") -> puesto 6 | Y10: =IF(AND(N10="Aplicar identificación avanzada-condición aceptable para cada tipo de factor de riesgo identificado",H10="SI"),VLOOKUP(A10,'2'!$B$12:$M$212,4,FALSE)," ") -> tarea 6 | Z10: =IF(AND(N10="Aplicar identificación avanzada-condición aceptable para cada tipo de factor de riesgo identificado",H10="SI"),VLOOKUP(A10,'2'!$B$12:$M$212,4,FALSE)," ") -> tarea 6 | AA10: =IF(AND(N10="Aplicar identificación avanzada-condición aceptable para cada tipo de factor de riesgo identificado",H10="SI"),VLOOKUP(A10,'2'!$B$12:$M$212,7,FALSE)," ") -> 0 | AB10: =IF(AND(N10="Aplicar identificación avanzada-condición aceptable para cada tipo de factor de riesgo identificado",H10="SI"),VLOOKUP(A10,'2'!$B$12:$M$212,8,FALSE)," ") -> 0 | AC10: =IF(AND(N10="Aplicar identificación avanzada-condición aceptable para cada tipo de factor de riesgo identificado",H10="SI"),VLOOKUP(A10,'2'!$B$12:$M$212,9,FALSE)," ") -> 0 | AD10: =IF(AND(N10="Aplicar identificación avanzada-condición aceptable para cada tipo de factor de riesgo identificado",H10="SI"),VLOOKUP(A10,'2'!$B$12:$M$212,10,FALSE)," ") -> 0 | AE10: =IF(AND(N10="Aplicar identificación avanzada-condición aceptable para cada tipo de factor de riesgo identificado",I10="SI"),VLOOKUP(A10,'2'!$B$12:$M$212,2,FALSE)," ") -> area 6 | AF10: =IF(AND(N10="Aplicar identificación avanzada-condición aceptable para cada tipo de factor de riesgo identificado",I10="SI"),VLOOKUP(A10,'2'!$B$12:$M$212,3,FALSE)," ") -> puesto 6 | AG10: =IF(AND(N10="Aplicar identificación avanzada-condición aceptable para cada tipo de factor de riesgo identificado",I10="SI"),VLOOKUP(A10,'2'!$B$12:$M$212,4,FALSE)," ") -> tarea 6 | AH10: =IF(AND(N10="Aplicar identificación avanzada-condición aceptable para cada tipo de factor de riesgo identificado",I10="SI"),VLOOKUP(A10,'2'!$B$12:$M$212,6,FALSE)," ") -> 0 | AI10: =IF(AND(N10="Aplicar identificación avanzada-condición aceptable para cada tipo de factor de riesgo identificado",I10="SI"),VLOOKUP(A10,'2'!$B$12:$M$212,7,FALSE)," ") -> 0 | AJ10: =IF(AND(N10="Aplicar identificación avanzada-condición aceptable para cada tipo de factor de riesgo identificado",I10="SI"),VLOOKUP(A10,'2'!$B$12:$M$212,8,FALSE)," ") -> 0 | AK10: =IF(AND(N10="Aplicar identificación avanzada-condición aceptable para cada tipo de factor de riesgo identificado",I10="SI"),VLOOKUP(A10,'2'!$B$12:$M$212,9,FALSE)," ") -> 0 | AL10: =IF(AND(N10="Aplicar identificación avanzada-condición aceptable para cada tipo de factor de riesgo identificado",I10="SI"),VLOOKUP(A10,'2'!$B$12:$M$212,10,FALSE)," ") -> 0 | AM10: =IF(AND(N10="Aplicar identificación avanzada-condición aceptable para cada tipo de factor de riesgo identificado",J10="SI"),VLOOKUP(A10,'2'!$B$12:$M$212,2,FALSE)," ") -> area 6 | AN10: =IF(AND(N10="Aplicar identificación avanzada-condición aceptable para cada tipo de factor de riesgo identificado",J10="SI"),VLOOKUP(A10,'2'!$B$12:$M$212,3,FALSE)," ") -> puesto 6 | AO10: =IF(AND(N10="Aplicar identificación avanzada-condición aceptable para cada tipo de factor de riesgo identificado",J10="SI"),VLOOKUP(A10,'2'!$B$12:$M$212,4,FALSE)," ") -> tarea 6 | AP10: =IF(AND(N10="Aplicar identificación avanzada-condición aceptable para cada tipo de factor de riesgo identificado",J10="SI"),VLOOKUP(A10,'2'!$B$12:$M$212,6,FALSE)," ") -> 0 | AQ10: =IF(AND(N10="Aplicar identificación avanzada-condición aceptable para cada tipo de factor de riesgo identificado",J10="SI"),VLOOKUP(A10,'2'!$B$12:$M$212,7,FALSE)," ") -> 0 | AR10: =IF(AND(N10="Aplicar identificación avanzada-condición aceptable para cada tipo de factor de riesgo identificado",J10="SI"),VLOOKUP(A10,'2'!$B$12:$M$212,8,FALSE)," ") -> 0 | AS10: =IF(AND(N10="Aplicar identificación avanzada-condición aceptable para cada tipo de factor de riesgo identificado",J10="SI"),VLOOKUP(A10,'2'!$B$12:$M$212,9,FALSE)," ") -> 0 | AT10: =IF(AND(N10="Aplicar identificación avanzada-condición aceptable para cada tipo de factor de riesgo identificado",J10="SI"),VLOOKUP(A10,'2'!$B$12:$M$212,10,FALSE)," ") -> 0 | AU10: =IF(AND(N10="Aplicar identificación avanzada-condición aceptable para cada tipo de factor de riesgo identificado",K10="SI"),VLOOKUP(A10,'2'!$B$12:$M$212,2,FALSE)," ") -> area 6 | AV10: =IF(AND(N10="Aplicar identificación avanzada-condición aceptable para cada tipo de factor de riesgo identificado",K10="SI"),VLOOKUP(A10,'2'!$B$12:$M$212,3,FALSE)," ") -> puesto 6 | AW10: =IF(AND(N10="Aplicar identificación avanzada-condición aceptable para cada tipo de factor de riesgo identificado",K10="SI"),VLOOKUP(A10,'2'!$B$12:$M$212,4,FALSE)," ") -> tarea 6 | AX10: =IF(AND(N10="Aplicar identificación avanzada-condición aceptable para cada tipo de factor de riesgo identificado",K10="SI"),VLOOKUP(A10,'2'!$B$12:$M$212,6,FALSE)," ") -> 0 | AY10: =IF(AND(N10="Aplicar identificación avanzada-condición aceptable para cada tipo de factor de riesgo identificado",K10="SI"),VLOOKUP(A10,'2'!$B$12:$M$212,7,FALSE)," ") -> 0 | AZ10: =IF(AND(N10="Aplicar identificación avanzada-condición aceptable para cada tipo de factor de riesgo identificado",K10="SI"),VLOOKUP(A10,'2'!$B$12:$M$212,8,FALSE)," ") -> 0 | BA10: =IF(AND(N10="Aplicar identificación avanzada-condición aceptable para cada tipo de factor de riesgo identificado",K10="SI"),VLOOKUP(A10,'2'!$B$12:$M$212,9,FALSE)," ") -> 0 | BB10: =IF(AND(N10="Aplicar identificación avanzada-condición aceptable para cada tipo de factor de riesgo identificado",K10="SI"),VLOOKUP(A10,'2'!$B$12:$M$212,10,FALSE)," ") -> 0 | BC10: =IF(AND(N10="Aplicar identificación avanzada-condición aceptable para cada tipo de factor de riesgo identificado",L10="SI"),VLOOKUP(A10,'2'!$B$12:$M$212,2,FALSE)," ") -> area 6 | BD10: =IF(AND(N10="Aplicar identificación avanzada-condición aceptable para cada tipo de factor de riesgo identificado",L10="SI"),VLOOKUP(A10,'2'!$B$12:$M$212,3,FALSE)," ") -> puesto 6 | BE10: =IF(AND(N10="Aplicar identificación avanzada-condición aceptable para cada tipo de factor de riesgo identificado",L10="SI"),VLOOKUP(A10,'2'!$B$12:$M$212,4,FALSE)," ") -> tarea 6 | BF10: =IF(AND(N10="Aplicar identificación avanzada-condición aceptable para cada tipo de factor de riesgo identificado",L10="SI"),VLOOKUP(A10,'2'!$B$12:$M$212,6,FALSE)," ") -> 0 | BG10: =IF(AND(N10="Aplicar identificación avanzada-condición aceptable para cada tipo de factor de riesgo identificado",L10="SI"),VLOOKUP(A10,'2'!$B$12:$M$212,7,FALSE)," ") -> 0 | BH10: =IF(AND(N10="Aplicar identificación avanzada-condición aceptable para cada tipo de factor de riesgo identificado",L10="SI"),VLOOKUP(A10,'2'!$B$12:$M$212,8,FALSE)," ") -> 0 | BI10: =IF(AND(N10="Aplicar identificación avanzada-condición aceptable para cada tipo de factor de riesgo identificado",L10="SI"),VLOOKUP(A10,'2'!$B$12:$M$212,9,FALSE)," ") -> 0 | BJ10: =IF(AND(N10="Aplicar identificación avanzada-condición aceptable para cada tipo de factor de riesgo identificado",L10="SI"),VLOOKUP(A10,'2'!$B$12:$M$212,10,FALSE)," ") -> 0 | BK10: =IF(AND(N10="Aplicar identificación avanzada-condición aceptable para cada tipo de factor de riesgo identificado",M10="SI"),VLOOKUP(A10,'2'!$B$12:$M$212,2,FALSE)," ") -> area 6 | BL10: =IF(AND(N10="Aplicar identificación avanzada-condición aceptable para cada tipo de factor de riesgo identificado",M10="SI"),VLOOKUP(A10,'2'!$B$12:$M$212,3,FALSE)," ") -> puesto 6 | BM10: =IF(AND(N10="Aplicar identificación avanzada-condición aceptable para cada tipo de factor de riesgo identificado",M10="SI"),VLOOKUP(A10,'2'!$B$12:$M$212,4,FALSE)," ") -> tarea 6 | BN10: =IF(AND(N10="Aplicar identificación avanzada-condición aceptable para cada tipo de factor de riesgo identificado",M10="SI"),VLOOKUP(A10,'2'!$B$12:$M$212,6,FALSE)," ") -> 0 | BO10: =IF(AND(N10="Aplicar identificación avanzada-condición aceptable para cada tipo de factor de riesgo identificado",M10="SI"),VLOOKUP(A10,'2'!$B$12:$M$212,7,FALSE)," ") -> 0 | BP10: =IF(AND(N10="Aplicar identificación avanzada-condición aceptable para cada tipo de factor de riesgo identificado",M10="SI"),VLOOKUP(A10,'2'!$B$12:$M$212,8,FALSE)," ") -> 0 | BQ10: =IF(AND(N10="Aplicar identificación avanzada-condición aceptable para cada tipo de factor de riesgo identificado",M10="SI"),VLOOKUP(A10,'2'!$B$12:$M$212,9,FALSE)," ") -> 0 | BR10: =IF(AND(N10="Aplicar identificación avanzada-condición aceptable para cada tipo de factor de riesgo identificado",M10="SI"),VLOOKUP(A10,'2'!$B$12:$M$212,10,FALSE)," ") -> 0
A11: 7 | B11: ='2'!C20 -> area 7 | C11: ='2'!D20 -> puesto 7 | D11: puesto 7 | E11: ='2'!E20 -> tarea 7 | F11: ='3'!L20 -> Aplicar identificación avanzada-condición aceptable para cada tipo de factor de riesgo identificado | G11: ='3'!E20 -> SI | H11: ='3'!F20 -> SI | I11: ='3'!G20 -> SI | J11: ='3'!H20 -> SI | K11: ='3'!I20 -> SI | L11: ='3'!J20 -> SI | M11: ='3'!K20 -> SI | N11: ='3'!L20 -> Aplicar identificación avanzada-condición aceptable para cada tipo de factor de riesgo identificado | O11: =IF(AND(N11="Aplicar identificación avanzada-condición aceptable para cada tipo de factor de riesgo identificado",G11="SI"),VLOOKUP(A11,'2'!$B$12:$M$212,2,FALSE)," ") -> area 7 | P11: =IF(AND(N11="Aplicar identificación avanzada-condición aceptable para cada tipo de factor de riesgo identificado",G11="SI"),VLOOKUP(A11,'2'!$B$12:$M$212,3,FALSE)," ") -> puesto 7 | Q11: =IF(AND(N11="Aplicar identificación avanzada-condición aceptable para cada tipo de factor de riesgo identificado",G11="SI"),VLOOKUP(A11,'2'!$B$12:$M$212,4,FALSE)," ") -> tarea 7 | R11: =IF(AND(N11="Aplicar identificación avanzada-condición aceptable para cada tipo de factor de riesgo identificado",G11="SI"),VLOOKUP(A11,'2'!$B$12:$M$212,6,FALSE)," ") -> 0 | S11: =IF(AND(N11="Aplicar identificación avanzada-condición aceptable para cada tipo de factor de riesgo identificado",G11="SI"),VLOOKUP(A11,'2'!$B$12:$M$212,7,FALSE)," ") -> 0 | T11: =IF(AND(N11="Aplicar identificación avanzada-condición aceptable para cada tipo de factor de riesgo identificado",G11="SI"),VLOOKUP(A11,'2'!$B$12:$M$212,8,FALSE)," ") -> 0 | U11: =IF(AND(N11="Aplicar identificación avanzada-condición aceptable para cada tipo de factor de riesgo identificado",G11="SI"),VLOOKUP(A11,'2'!$B$12:$M$212,9,FALSE)," ") -> 0 | V11: =IF(AND(N11="Aplicar identificación avanzada-condición aceptable para cada tipo de factor de riesgo identificado",G11="SI"),VLOOKUP(A11,'2'!$B$12:$M$212,10,FALSE)," ") -> 0 | W11: =IF(AND(N11="Aplicar identificación avanzada-condición aceptable para cada tipo de factor de riesgo identificado",H11="SI"),VLOOKUP(A11,'2'!$B$12:$M$212,2,FALSE)," ") -> area 7 | X11: =IF(AND(N11="Aplicar identificación avanzada-condición aceptable para cada tipo de factor de riesgo identificado",H11="SI"),VLOOKUP(A11,'2'!$B$12:$M$212,3,FALSE)," ") -> puesto 7 | Y11: =IF(AND(N11="Aplicar identificación avanzada-condición aceptable para cada tipo de factor de riesgo identificado",H11="SI"),VLOOKUP(A11,'2'!$B$12:$M$212,4,FALSE)," ") -> tarea 7 | Z11: =IF(AND(N11="Aplicar identificación avanzada-condición aceptable para cada tipo de factor de riesgo identificado",H11="SI"),VLOOKUP(A11,'2'!$B$12:$M$212,4,FALSE)," ") -> tarea 7 | AA11: =IF(AND(N11="Aplicar identificación avanzada-condición aceptable para cada tipo de factor de riesgo identificado",H11="SI"),VLOOKUP(A11,'2'!$B$12:$M$212,7,FALSE)," ") -> 0 | AB11: =IF(AND(N11="Aplicar identificación avanzada-condición aceptable para cada tipo de factor de riesgo identificado",H11="SI"),VLOOKUP(A11,'2'!$B$12:$M$212,8,FALSE)," ") -> 0 | AC11: =IF(AND(N11="Aplicar identificación avanzada-condición aceptable para cada tipo de factor de riesgo identificado",H11="SI"),VLOOKUP(A11,'2'!$B$12:$M$212,9,FALSE)," ") -> 0 | AD11: =IF(AND(N11="Aplicar identificación avanzada-condición aceptable para cada tipo de factor de riesgo identificado",H11="SI"),VLOOKUP(A11,'2'!$B$12:$M$212,10,FALSE)," ") -> 0 | AE11: =IF(AND(N11="Aplicar identificación avanzada-condición aceptable para cada tipo de factor de riesgo identificado",I11="SI"),VLOOKUP(A11,'2'!$B$12:$M$212,2,FALSE)," ") -> area 7 | AF11: =IF(AND(N11="Aplicar identificación avanzada-condición aceptable para cada tipo de factor de riesgo identificado",I11="SI"),VLOOKUP(A11,'2'!$B$12:$M$212,3,FALSE)," ") -> puesto 7 | AG11: =IF(AND(N11="Aplicar identificación avanzada-condición aceptable para cada tipo de factor de riesgo identificado",I11="SI"),VLOOKUP(A11,'2'!$B$12:$M$212,4,FALSE)," ") -> tarea 7 | AH11: =IF(AND(N11="Aplicar identificación avanzada-condición aceptable para cada tipo de factor de riesgo identificado",I11="SI"),VLOOKUP(A11,'2'!$B$12:$M$212,6,FALSE)," ") -> 0 | AI11: =IF(AND(N11="Aplicar identificación avanzada-condición aceptable para cada tipo de factor de riesgo identificado",I11="SI"),VLOOKUP(A11,'2'!$B$12:$M$212,7,FALSE)," ") -> 0 | AJ11: =IF(AND(N11="Aplicar identificación avanzada-condición aceptable para cada tipo de factor de riesgo identificado",I11="SI"),VLOOKUP(A11,'2'!$B$12:$M$212,8,FALSE)," ") -> 0 | AK11: =IF(AND(N11="Aplicar identificación avanzada-condición aceptable para cada tipo de factor de riesgo identificado",I11="SI"),VLOOKUP(A11,'2'!$B$12:$M$212,9,FALSE)," ") -> 0 | AL11: =IF(AND(N11="Aplicar identificación avanzada-condición aceptable para cada tipo de factor de riesgo identificado",I11="SI"),VLOOKUP(A11,'2'!$B$12:$M$212,10,FALSE)," ") -> 0 | AM11: =IF(AND(N11="Aplicar identificación avanzada-condición aceptable para cada tipo de factor de riesgo identificado",J11="SI"),VLOOKUP(A11,'2'!$B$12:$M$212,2,FALSE)," ") -> area 7 | AN11: =IF(AND(N11="Aplicar identificación avanzada-condición aceptable para cada tipo de factor de riesgo identificado",J11="SI"),VLOOKUP(A11,'2'!$B$12:$M$212,3,FALSE)," ") -> puesto 7 | AO11: =IF(AND(N11="Aplicar identificación avanzada-condición aceptable para cada tipo de factor de riesgo identificado",J11="SI"),VLOOKUP(A11,'2'!$B$12:$M$212,4,FALSE)," ") -> tarea 7 | AP11: =IF(AND(N11="Aplicar identificación avanzada-condición aceptable para cada tipo de factor de riesgo identificado",J11="SI"),VLOOKUP(A11,'2'!$B$12:$M$212,6,FALSE)," ") -> 0 | AQ11: =IF(AND(N11="Aplicar identificación avanzada-condición aceptable para cada tipo de factor de riesgo identificado",J11="SI"),VLOOKUP(A11,'2'!$B$12:$M$212,7,FALSE)," ") -> 0 | AR11: =IF(AND(N11="Aplicar identificación avanzada-condición aceptable para cada tipo de factor de riesgo identificado",J11="SI"),VLOOKUP(A11,'2'!$B$12:$M$212,8,FALSE)," ") -> 0 | AS11: =IF(AND(N11="Aplicar identificación avanzada-condición aceptable para cada tipo de factor de riesgo identificado",J11="SI"),VLOOKUP(A11,'2'!$B$12:$M$212,9,FALSE)," ") -> 0 | AT11: =IF(AND(N11="Aplicar identificación avanzada-condición aceptable para cada tipo de factor de riesgo identificado",J11="SI"),VLOOKUP(A11,'2'!$B$12:$M$212,10,FALSE)," ") -> 0 | AU11: =IF(AND(N11="Aplicar identificación avanzada-condición aceptable para cada tipo de factor de riesgo identificado",K11="SI"),VLOOKUP(A11,'2'!$B$12:$M$212,2,FALSE)," ") -> area 7 | AV11: =IF(AND(N11="Aplicar identificación avanzada-condición aceptable para cada tipo de factor de riesgo identificado",K11="SI"),VLOOKUP(A11,'2'!$B$12:$M$212,3,FALSE)," ") -> puesto 7 | AW11: =IF(AND(N11="Aplicar identificación avanzada-condición aceptable para cada tipo de factor de riesgo identificado",K11="SI"),VLOOKUP(A11,'2'!$B$12:$M$212,4,FALSE)," ") -> tarea 7 | AX11: =IF(AND(N11="Aplicar identificación avanzada-condición aceptable para cada tipo de factor de riesgo identificado",K11="SI"),VLOOKUP(A11,'2'!$B$12:$M$212,6,FALSE)," ") -> 0 | AY11: =IF(AND(N11="Aplicar identificación avanzada-condición aceptable para cada tipo de factor de riesgo identificado",K11="SI"),VLOOKUP(A11,'2'!$B$12:$M$212,7,FALSE)," ") -> 0 | AZ11: =IF(AND(N11="Aplicar identificación avanzada-condición aceptable para cada tipo de factor de riesgo identificado",K11="SI"),VLOOKUP(A11,'2'!$B$12:$M$212,8,FALSE)," ") -> 0 | BA11: =IF(AND(N11="Aplicar identificación avanzada-condición aceptable para cada tipo de factor de riesgo identificado",K11="SI"),VLOOKUP(A11,'2'!$B$12:$M$212,9,FALSE)," ") -> 0 | BB11: =IF(AND(N11="Aplicar identificación avanzada-condición aceptable para cada tipo de factor de riesgo identificado",K11="SI"),VLOOKUP(A11,'2'!$B$12:$M$212,10,FALSE)," ") -> 0 | BC11: =IF(AND(N11="Aplicar identificación avanzada-condición aceptable para cada tipo de factor de riesgo identificado",L11="SI"),VLOOKUP(A11,'2'!$B$12:$M$212,2,FALSE)," ") -> area 7 | BD11: =IF(AND(N11="Aplicar identificación avanzada-condición aceptable para cada tipo de factor de riesgo identificado",L11="SI"),VLOOKUP(A11,'2'!$B$12:$M$212,3,FALSE)," ") -> puesto 7 | BE11: =IF(AND(N11="Aplicar identificación avanzada-condición aceptable para cada tipo de factor de riesgo identificado",L11="SI"),VLOOKUP(A11,'2'!$B$12:$M$212,4,FALSE)," ") -> tarea 7 | BF11: =IF(AND(N11="Aplicar identificación avanzada-condición aceptable para cada tipo de factor de riesgo identificado",L11="SI"),VLOOKUP(A11,'2'!$B$12:$M$212,6,FALSE)," ") -> 0 | BG11: =IF(AND(N11="Aplicar identificación avanzada-condición aceptable para cada tipo de factor de riesgo identificado",L11="SI"),VLOOKUP(A11,'2'!$B$12:$M$212,7,FALSE)," ") -> 0 | BH11: =IF(AND(N11="Aplicar identificación avanzada-condición aceptable para cada tipo de factor de riesgo identificado",L11="SI"),VLOOKUP(A11,'2'!$B$12:$M$212,8,FALSE)," ") -> 0 | BI11: =IF(AND(N11="Aplicar identificación avanzada-condición aceptable para cada tipo de factor de riesgo identificado",L11="SI"),VLOOKUP(A11,'2'!$B$12:$M$212,9,FALSE)," ") -> 0 | BJ11: =IF(AND(N11="Aplicar identificación avanzada-condición aceptable para cada tipo de factor de riesgo identificado",L11="SI"),VLOOKUP(A11,'2'!$B$12:$M$212,10,FALSE)," ") -> 0 | BK11: =IF(AND(N11="Aplicar identificación avanzada-condición aceptable para cada tipo de factor de riesgo identificado",M11="SI"),VLOOKUP(A11,'2'!$B$12:$M$212,2,FALSE)," ") -> area 7 | BL11: =IF(AND(N11="Aplicar identificación avanzada-condición aceptable para cada tipo de factor de riesgo identificado",M11="SI"),VLOOKUP(A11,'2'!$B$12:$M$212,3,FALSE)," ") -> puesto 7 | BM11: =IF(AND(N11="Aplicar identificación avanzada-condición aceptable para cada tipo de factor de riesgo identificado",M11="SI"),VLOOKUP(A11,'2'!$B$12:$M$212,4,FALSE)," ") -> tarea 7 | BN11: =IF(AND(N11="Aplicar identificación avanzada-condición aceptable para cada tipo de factor de riesgo identificado",M11="SI"),VLOOKUP(A11,'2'!$B$12:$M$212,6,FALSE)," ") -> 0 | BO11: =IF(AND(N11="Aplicar identificación avanzada-condición aceptable para cada tipo de factor de riesgo identificado",M11="SI"),VLOOKUP(A11,'2'!$B$12:$M$212,7,FALSE)," ") -> 0 | BP11: =IF(AND(N11="Aplicar identificación avanzada-condición aceptable para cada tipo de factor de riesgo identificado",M11="SI"),VLOOKUP(A11,'2'!$B$12:$M$212,8,FALSE)," ") -> 0 | BQ11: =IF(AND(N11="Aplicar identificación avanzada-condición aceptable para cada tipo de factor de riesgo identificado",M11="SI"),VLOOKUP(A11,'2'!$B$12:$M$212,9,FALSE)," ") -> 0 | BR11: =IF(AND(N11="Aplicar identificación avanzada-condición aceptable para cada tipo de factor de riesgo identificado",M11="SI"),VLOOKUP(A11,'2'!$B$12:$M$212,10,FALSE)," ") -> 0
A12: 8 | B12: ='2'!C21 -> area 8 | C12: ='2'!D21 -> puesto 8 | D12: puesto 8 | E12: ='2'!E21 -> tarea 8 | F12: ='3'!L21 -> Aplicar identificación avanzada-condición aceptable para cada tipo de factor de riesgo identificado | G12: ='3'!E21 -> SI | H12: ='3'!F21 -> SI | I12: ='3'!G21 -> SI | J12: ='3'!H21 -> SI | K12: ='3'!I21 -> SI | L12: ='3'!J21 -> SI | M12: ='3'!K21 -> SI | N12: ='3'!L21 -> Aplicar identificación avanzada-condición aceptable para cada tipo de factor de riesgo identificado | O12: =IF(AND(N12="Aplicar identificación avanzada-condición aceptable para cada tipo de factor de riesgo identificado",G12="SI"),VLOOKUP(A12,'2'!$B$12:$M$212,2,FALSE)," ") -> area 8 | P12: =IF(AND(N12="Aplicar identificación avanzada-condición aceptable para cada tipo de factor de riesgo identificado",G12="SI"),VLOOKUP(A12,'2'!$B$12:$M$212,3,FALSE)," ") -> puesto 8 | Q12: =IF(AND(N12="Aplicar identificación avanzada-condición aceptable para cada tipo de factor de riesgo identificado",G12="SI"),VLOOKUP(A12,'2'!$B$12:$M$212,4,FALSE)," ") -> tarea 8 | R12: =IF(AND(N12="Aplicar identificación avanzada-condición aceptable para cada tipo de factor de riesgo identificado",G12="SI"),VLOOKUP(A12,'2'!$B$12:$M$212,6,FALSE)," ") -> 0 | S12: =IF(AND(N12="Aplicar identificación avanzada-condición aceptable para cada tipo de factor de riesgo identificado",G12="SI"),VLOOKUP(A12,'2'!$B$12:$M$212,7,FALSE)," ") -> 0 | T12: =IF(AND(N12="Aplicar identificación avanzada-condición aceptable para cada tipo de factor de riesgo identificado",G12="SI"),VLOOKUP(A12,'2'!$B$12:$M$212,8,FALSE)," ") -> 0 | U12: =IF(AND(N12="Aplicar identificación avanzada-condición aceptable para cada tipo de factor de riesgo identificado",G12="SI"),VLOOKUP(A12,'2'!$B$12:$M$212,9,FALSE)," ") -> 0 | V12: =IF(AND(N12="Aplicar identificación avanzada-condición aceptable para cada tipo de factor de riesgo identificado",G12="SI"),VLOOKUP(A12,'2'!$B$12:$M$212,10,FALSE)," ") -> 0 | W12: =IF(AND(N12="Aplicar identificación avanzada-condición aceptable para cada tipo de factor de riesgo identificado",H12="SI"),VLOOKUP(A12,'2'!$B$12:$M$212,2,FALSE)," ") -> area 8 | X12: =IF(AND(N12="Aplicar identificación avanzada-condición aceptable para cada tipo de factor de riesgo identificado",H12="SI"),VLOOKUP(A12,'2'!$B$12:$M$212,3,FALSE)," ") -> puesto 8 | Y12: =IF(AND(N12="Aplicar identificación avanzada-condición aceptable para cada tipo de factor de riesgo identificado",H12="SI"),VLOOKUP(A12,'2'!$B$12:$M$212,4,FALSE)," ") -> tarea 8 | Z12: =IF(AND(N12="Aplicar identificación avanzada-condición aceptable para cada tipo de factor de riesgo identificado",H12="SI"),VLOOKUP(A12,'2'!$B$12:$M$212,4,FALSE)," ") -> tarea 8 | AA12: =IF(AND(N12="Aplicar identificación avanzada-condición aceptable para cada tipo de factor de riesgo identificado",H12="SI"),VLOOKUP(A12,'2'!$B$12:$M$212,7,FALSE)," ") -> 0 | AB12: =IF(AND(N12="Aplicar identificación avanzada-condición aceptable para cada tipo de factor de riesgo identificado",H12="SI"),VLOOKUP(A12,'2'!$B$12:$M$212,8,FALSE)," ") -> 0 | AC12: =IF(AND(N12="Aplicar identificación avanzada-condición aceptable para cada tipo de factor de riesgo identificado",H12="SI"),VLOOKUP(A12,'2'!$B$12:$M$212,9,FALSE)," ") -> 0 | AD12: =IF(AND(N12="Aplicar identificación avanzada-condición aceptable para cada tipo de factor de riesgo identificado",H12="SI"),VLOOKUP(A12,'2'!$B$12:$M$212,10,FALSE)," ") -> 0 | AE12: =IF(AND(N12="Aplicar identificación avanzada-condición aceptable para cada tipo de factor de riesgo identificado",I12="SI"),VLOOKUP(A12,'2'!$B$12:$M$212,2,FALSE)," ") -> area 8 | AF12: =IF(AND(N12="Aplicar identificación avanzada-condición aceptable para cada tipo de factor de riesgo identificado",I12="SI"),VLOOKUP(A12,'2'!$B$12:$M$212,3,FALSE)," ") -> puesto 8 | AG12: =IF(AND(N12="Aplicar identificación avanzada-condición aceptable para cada tipo de factor de riesgo identificado",I12="SI"),VLOOKUP(A12,'2'!$B$12:$M$212,4,FALSE)," ") -> tarea 8 | AH12: =IF(AND(N12="Aplicar identificación avanzada-condición aceptable para cada tipo de factor de riesgo identificado",I12="SI"),VLOOKUP(A12,'2'!$B$12:$M$212,6,FALSE)," ") -> 0 | AI12: =IF(AND(N12="Aplicar identificación avanzada-condición aceptable para cada tipo de factor de riesgo identificado",I12="SI"),VLOOKUP(A12,'2'!$B$12:$M$212,7,FALSE)," ") -> 0 | AJ12: =IF(AND(N12="Aplicar identificación avanzada-condición aceptable para cada tipo de factor de riesgo identificado",I12="SI"),VLOOKUP(A12,'2'!$B$12:$M$212,8,FALSE)," ") -> 0 | AK12: =IF(AND(N12="Aplicar identificación avanzada-condición aceptable para cada tipo de factor de riesgo identificado",I12="SI"),VLOOKUP(A12,'2'!$B$12:$M$212,9,FALSE)," ") -> 0 | AL12: =IF(AND(N12="Aplicar identificación avanzada-condición aceptable para cada tipo de factor de riesgo identificado",I12="SI"),VLOOKUP(A12,'2'!$B$12:$M$212,10,FALSE)," ") -> 0 | AM12: =IF(AND(N12="Aplicar identificación avanzada-condición aceptable para cada tipo de factor de riesgo identificado",J12="SI"),VLOOKUP(A12,'2'!$B$12:$M$212,2,FALSE)," ") -> area 8 | AN12: =IF(AND(N12="Aplicar identificación avanzada-condición aceptable para cada tipo de factor de riesgo identificado",J12="SI"),VLOOKUP(A12,'2'!$B$12:$M$212,3,FALSE)," ") -> puesto 8 | AO12: =IF(AND(N12="Aplicar identificación avanzada-condición aceptable para cada tipo de factor de riesgo identificado",J12="SI"),VLOOKUP(A12,'2'!$B$12:$M$212,4,FALSE)," ") -> tarea 8 | AP12: =IF(AND(N12="Aplicar identificación avanzada-condición aceptable para cada tipo de factor de riesgo identificado",J12="SI"),VLOOKUP(A12,'2'!$B$12:$M$212,6,FALSE)," ") -> 0 | AQ12: =IF(AND(N12="Aplicar identificación avanzada-condición aceptable para cada tipo de factor de riesgo identificado",J12="SI"),VLOOKUP(A12,'2'!$B$12:$M$212,7,FALSE)," ") -> 0 | AR12: =IF(AND(N12="Aplicar identificación avanzada-condición aceptable para cada tipo de factor de riesgo identificado",J12="SI"),VLOOKUP(A12,'2'!$B$12:$M$212,8,FALSE)," ") -> 0 | AS12: =IF(AND(N12="Aplicar identificación avanzada-condición aceptable para cada tipo de factor de riesgo identificado",J12="SI"),VLOOKUP(A12,'2'!$B$12:$M$212,9,FALSE)," ") -> 0 | AT12: =IF(AND(N12="Aplicar identificación avanzada-condición aceptable para cada tipo de factor de riesgo identificado",J12="SI"),VLOOKUP(A12,'2'!$B$12:$M$212,10,FALSE)," ") -> 0 | AU12: =IF(AND(N12="Aplicar identificación avanzada-condición aceptable para cada tipo de factor de riesgo identificado",K12="SI"),VLOOKUP(A12,'2'!$B$12:$M$212,2,FALSE)," ") -> area 8 | AV12: =IF(AND(N12="Aplicar identificación avanzada-condición aceptable para cada tipo de factor de riesgo identificado",K12="SI"),VLOOKUP(A12,'2'!$B$12:$M$212,3,FALSE)," ") -> puesto 8 | AW12: =IF(AND(N12="Aplicar identificación avanzada-condición aceptable para cada tipo de factor de riesgo identificado",K12="SI"),VLOOKUP(A12,'2'!$B$12:$M$212,4,FALSE)," ") -> tarea 8 | AX12: =IF(AND(N12="Aplicar identificación avanzada-condición aceptable para cada tipo de factor de riesgo identificado",K12="SI"),VLOOKUP(A12,'2'!$B$12:$M$212,6,FALSE)," ") -> 0 | AY12: =IF(AND(N12="Aplicar identificación avanzada-condición aceptable para cada tipo de factor de riesgo identificado",K12="SI"),VLOOKUP(A12,'2'!$B$12:$M$212,7,FALSE)," ") -> 0 | AZ12: =IF(AND(N12="Aplicar identificación avanzada-condición aceptable para cada tipo de factor de riesgo identificado",K12="SI"),VLOOKUP(A12,'2'!$B$12:$M$212,8,FALSE)," ") -> 0 | BA12: =IF(AND(N12="Aplicar identificación avanzada-condición aceptable para cada tipo de factor de riesgo identificado",K12="SI"),VLOOKUP(A12,'2'!$B$12:$M$212,9,FALSE)," ") -> 0 | BB12: =IF(AND(N12="Aplicar identificación avanzada-condición aceptable para cada tipo de factor de riesgo identificado",K12="SI"),VLOOKUP(A12,'2'!$B$12:$M$212,10,FALSE)," ") -> 0 | BC12: =IF(AND(N12="Aplicar identificación avanzada-condición aceptable para cada tipo de factor de riesgo identificado",L12="SI"),VLOOKUP(A12,'2'!$B$12:$M$212,2,FALSE)," ") -> area 8 | BD12: =IF(AND(N12="Aplicar identificación avanzada-condición aceptable para cada tipo de factor de riesgo identificado",L12="SI"),VLOOKUP(A12,'2'!$B$12:$M$212,3,FALSE)," ") -> puesto 8 | BE12: =IF(AND(N12="Aplicar identificación avanzada-condición aceptable para cada tipo de factor de riesgo identificado",L12="SI"),VLOOKUP(A12,'2'!$B$12:$M$212,4,FALSE)," ") -> tarea 8 | BF12: =IF(AND(N12="Aplicar identificación avanzada-condición aceptable para cada tipo de factor de riesgo identificado",L12="SI"),VLOOKUP(A12,'2'!$B$12:$M$212,6,FALSE)," ") -> 0 | BG12: =IF(AND(N12="Aplicar identificación avanzada-condición aceptable para cada tipo de factor de riesgo identificado",L12="SI"),VLOOKUP(A12,'2'!$B$12:$M$212,7,FALSE)," ") -> 0 | BH12: =IF(AND(N12="Aplicar identificación avanzada-condición aceptable para cada tipo de factor de riesgo identificado",L12="SI"),VLOOKUP(A12,'2'!$B$12:$M$212,8,FALSE)," ") -> 0 | BI12: =IF(AND(N12="Aplicar identificación avanzada-condición aceptable para cada tipo de factor de riesgo identificado",L12="SI"),VLOOKUP(A12,'2'!$B$12:$M$212,9,FALSE)," ") -> 0 | BJ12: =IF(AND(N12="Aplicar identificación avanzada-condición aceptable para cada tipo de factor de riesgo identificado",L12="SI"),VLOOKUP(A12,'2'!$B$12:$M$212,10,FALSE)," ") -> 0 | BK12: =IF(AND(N12="Aplicar identificación avanzada-condición aceptable para cada tipo de factor de riesgo identificado",M12="SI"),VLOOKUP(A12,'2'!$B$12:$M$212,2,FALSE)," ") -> area 8 | BL12: =IF(AND(N12="Aplicar identificación avanzada-condición aceptable para cada tipo de factor de riesgo identificado",M12="SI"),VLOOKUP(A12,'2'!$B$12:$M$212,3,FALSE)," ") -> puesto 8 | BM12: =IF(AND(N12="Aplicar identificación avanzada-condición aceptable para cada tipo de factor de riesgo identificado",M12="SI"),VLOOKUP(A12,'2'!$B$12:$M$212,4,FALSE)," ") -> tarea 8 | BN12: =IF(AND(N12="Aplicar identificación avanzada-condición aceptable para cada tipo de factor de riesgo identificado",M12="SI"),VLOOKUP(A12,'2'!$B$12:$M$212,6,FALSE)," ") -> 0 | BO12: =IF(AND(N12="Aplicar identificación avanzada-condición aceptable para cada tipo de factor de riesgo identificado",M12="SI"),VLOOKUP(A12,'2'!$B$12:$M$212,7,FALSE)," ") -> 0 | BP12: =IF(AND(N12="Aplicar identificación avanzada-condición aceptable para cada tipo de factor de riesgo identificado",M12="SI"),VLOOKUP(A12,'2'!$B$12:$M$212,8,FALSE)," ") -> 0 | BQ12: =IF(AND(N12="Aplicar identificación avanzada-condición aceptable para cada tipo de factor de riesgo identificado",M12="SI"),VLOOKUP(A12,'2'!$B$12:$M$212,9,FALSE)," ") -> 0 | BR12: =IF(AND(N12="Aplicar identificación avanzada-condición aceptable para cada tipo de factor de riesgo identificado",M12="SI"),VLOOKUP(A12,'2'!$B$12:$M$212,10,FALSE)," ") -> 0
A13: 9 | B13: ='2'!D22 -> puesto 9 | C13: ='2'!D22 -> puesto 9 | D13: puesto 9 | E13: ='2'!E22 -> tarea 9 | F13: ='3'!L22 -> Aplicar identificación avanzada-condición aceptable para cada tipo de factor de riesgo identificado | G13: ='3'!E22 -> SI | H13: ='3'!F22 -> SI | I13: ='3'!G22 -> SI | J13: ='3'!H22 -> SI | K13: ='3'!I22 -> SI | L13: ='3'!J22 -> SI | M13: ='3'!K22 -> SI | N13: ='3'!L22 -> Aplicar identificación avanzada-condición aceptable para cada tipo de factor de riesgo identificado | O13: =IF(AND(N13="Aplicar identificación avanzada-condición aceptable para cada tipo de factor de riesgo identificado",G13="SI"),VLOOKUP(A13,'2'!$B$12:$M$212,2,FALSE)," ") -> area 9 | P13: =IF(AND(N13="Aplicar identificación avanzada-condición aceptable para cada tipo de factor de riesgo identificado",G13="SI"),VLOOKUP(A13,'2'!$B$12:$M$212,3,FALSE)," ") -> puesto 9 | Q13: =IF(AND(N13="Aplicar identificación avanzada-condición aceptable para cada tipo de factor de riesgo identificado",G13="SI"),VLOOKUP(A13,'2'!$B$12:$M$212,4,FALSE)," ") -> tarea 9 | R13: =IF(AND(N13="Aplicar identificación avanzada-condición aceptable para cada tipo de factor de riesgo identificado",G13="SI"),VLOOKUP(A13,'2'!$B$12:$M$212,6,FALSE)," ") -> 0 | S13: =IF(AND(N13="Aplicar identificación avanzada-condición aceptable para cada tipo de factor de riesgo identificado",G13="SI"),VLOOKUP(A13,'2'!$B$12:$M$212,7,FALSE)," ") -> 0 | T13: =IF(AND(N13="Aplicar identificación avanzada-condición aceptable para cada tipo de factor de riesgo identificado",G13="SI"),VLOOKUP(A13,'2'!$B$12:$M$212,8,FALSE)," ") -> 0 | U13: =IF(AND(N13="Aplicar identificación avanzada-condición aceptable para cada tipo de factor de riesgo identificado",G13="SI"),VLOOKUP(A13,'2'!$B$12:$M$212,9,FALSE)," ") -> 0 | V13: =IF(AND(N13="Aplicar identificación avanzada-condición aceptable para cada tipo de factor de riesgo identificado",G13="SI"),VLOOKUP(A13,'2'!$B$12:$M$212,10,FALSE)," ") -> 0 | W13: =IF(AND(N13="Aplicar identificación avanzada-condición aceptable para cada tipo de factor de riesgo identificado",H13="SI"),VLOOKUP(A13,'2'!$B$12:$M$212,2,FALSE)," ") -> area 9 | X13: =IF(AND(N13="Aplicar identificación avanzada-condición aceptable para cada tipo de factor de riesgo identificado",H13="SI"),VLOOKUP(A13,'2'!$B$12:$M$212,3,FALSE)," ") -> puesto 9 | Y13: =IF(AND(N13="Aplicar identificación avanzada-condición aceptable para cada tipo de factor de riesgo identificado",H13="SI"),VLOOKUP(A13,'2'!$B$12:$M$212,4,FALSE)," ") -> tarea 9 | Z13: =IF(AND(N13="Aplicar identificación avanzada-condición aceptable para cada tipo de factor de riesgo identificado",H13="SI"),VLOOKUP(A13,'2'!$B$12:$M$212,4,FALSE)," ") -> tarea 9 | AA13: =IF(AND(N13="Aplicar identificación avanzada-condición aceptable para cada tipo de factor de riesgo identificado",H13="SI"),VLOOKUP(A13,'2'!$B$12:$M$212,7,FALSE)," ") -> 0 | AB13: =IF(AND(N13="Aplicar identificación avanzada-condición aceptable para cada tipo de factor de riesgo identificado",H13="SI"),VLOOKUP(A13,'2'!$B$12:$M$212,8,FALSE)," ") -> 0 | AC13: =IF(AND(N13="Aplicar identificación avanzada-condición aceptable para cada tipo de factor de riesgo identificado",H13="SI"),VLOOKUP(A13,'2'!$B$12:$M$212,9,FALSE)," ") -> 0 | AD13: =IF(AND(N13="Aplicar identificación avanzada-condición aceptable para cada tipo de factor de riesgo identificado",H13="SI"),VLOOKUP(A13,'2'!$B$12:$M$212,10,FALSE)," ") -> 0 | AE13: =IF(AND(N13="Aplicar identificación avanzada-condición aceptable para cada tipo de factor de riesgo identificado",I13="SI"),VLOOKUP(A13,'2'!$B$12:$M$212,2,FALSE)," ") -> area 9 | AF13: =IF(AND(N13="Aplicar identificación avanzada-condición aceptable para cada tipo de factor de riesgo identificado",I13="SI"),VLOOKUP(A13,'2'!$B$12:$M$212,3,FALSE)," ") -> puesto 9 | AG13: =IF(AND(N13="Aplicar identificación avanzada-condición aceptable para cada tipo de factor de riesgo identificado",I13="SI"),VLOOKUP(A13,'2'!$B$12:$M$212,4,FALSE)," ") -> tarea 9 | AH13: =IF(AND(N13="Aplicar identificación avanzada-condición aceptable para cada tipo de factor de riesgo identificado",I13="SI"),VLOOKUP(A13,'2'!$B$12:$M$212,6,FALSE)," ") -> 0 | AI13: =IF(AND(N13="Aplicar identificación avanzada-condición aceptable para cada tipo de factor de riesgo identificado",I13="SI"),VLOOKUP(A13,'2'!$B$12:$M$212,7,FALSE)," ") -> 0 | AJ13: =IF(AND(N13="Aplicar identificación avanzada-condición aceptable para cada tipo de factor de riesgo identificado",I13="SI"),VLOOKUP(A13,'2'!$B$12:$M$212,8,FALSE)," ") -> 0 | AK13: =IF(AND(N13="Aplicar identificación avanzada-condición aceptable para cada tipo de factor de riesgo identificado",I13="SI"),VLOOKUP(A13,'2'!$B$12:$M$212,9,FALSE)," ") -> 0 | AL13: =IF(AND(N13="Aplicar identificación avanzada-condición aceptable para cada tipo de factor de riesgo identificado",I13="SI"),VLOOKUP(A13,'2'!$B$12:$M$212,10,FALSE)," ") -> 0 | AM13: =IF(AND(N13="Aplicar identificación avanzada-condición aceptable para cada tipo de factor de riesgo identificado",J13="SI"),VLOOKUP(A13,'2'!$B$12:$M$212,2,FALSE)," ") -> area 9 | AN13: =IF(AND(N13="Aplicar identificación avanzada-condición aceptable para cada tipo de factor de riesgo identificado",J13="SI"),VLOOKUP(A13,'2'!$B$12:$M$212,3,FALSE)," ") -> puesto 9 | AO13: =IF(AND(N13="Aplicar identificación avanzada-condición aceptable para cada tipo de factor de riesgo identificado",J13="SI"),VLOOKUP(A13,'2'!$B$12:$M$212,4,FALSE)," ") -> tarea 9 | AP13: =IF(AND(N13="Aplicar identificación avanzada-condición aceptable para cada tipo de factor de riesgo identificado",J13="SI"),VLOOKUP(A13,'2'!$B$12:$M$212,6,FALSE)," ") -> 0 | AQ13: =IF(AND(N13="Aplicar identificación avanzada-condición aceptable para cada tipo de factor de riesgo identificado",J13="SI"),VLOOKUP(A13,'2'!$B$12:$M$212,7,FALSE)," ") -> 0 | AR13: =IF(AND(N13="Aplicar identificación avanzada-condición aceptable para cada tipo de factor de riesgo identificado",J13="SI"),VLOOKUP(A13,'2'!$B$12:$M$212,8,FALSE)," ") -> 0 | AS13: =IF(AND(N13="Aplicar identificación avanzada-condición aceptable para cada tipo de factor de riesgo identificado",J13="SI"),VLOOKUP(A13,'2'!$B$12:$M$212,9,FALSE)," ") -> 0 | AT13: =IF(AND(N13="Aplicar identificación avanzada-condición aceptable para cada tipo de factor de riesgo identificado",J13="SI"),VLOOKUP(A13,'2'!$B$12:$M$212,10,FALSE)," ") -> 0 | AU13: =IF(AND(N13="Aplicar identificación avanzada-condición aceptable para cada tipo de factor de riesgo identificado",K13="SI"),VLOOKUP(A13,'2'!$B$12:$M$212,2,FALSE)," ") -> area 9 | AV13: =IF(AND(N13="Aplicar identificación avanzada-condición aceptable para cada tipo de factor de riesgo identificado",K13="SI"),VLOOKUP(A13,'2'!$B$12:$M$212,3,FALSE)," ") -> puesto 9 | AW13: =IF(AND(N13="Aplicar identificación avanzada-condición aceptable para cada tipo de factor de riesgo identificado",K13="SI"),VLOOKUP(A13,'2'!$B$12:$M$212,4,FALSE)," ") -> tarea 9 | AX13: =IF(AND(N13="Aplicar identificación avanzada-condición aceptable para cada tipo de factor de riesgo identificado",K13="SI"),VLOOKUP(A13,'2'!$B$12:$M$212,6,FALSE)," ") -> 0 | AY13: =IF(AND(N13="Aplicar identificación avanzada-condición aceptable para cada tipo de factor de riesgo identificado",K13="SI"),VLOOKUP(A13,'2'!$B$12:$M$212,7,FALSE)," ") -> 0 | AZ13: =IF(AND(N13="Aplicar identificación avanzada-condición aceptable para cada tipo de factor de riesgo identificado",K13="SI"),VLOOKUP(A13,'2'!$B$12:$M$212,8,FALSE)," ") -> 0 | BA13: =IF(AND(N13="Aplicar identificación avanzada-condición aceptable para cada tipo de factor de riesgo identificado",K13="SI"),VLOOKUP(A13,'2'!$B$12:$M$212,9,FALSE)," ") -> 0 | BB13: =IF(AND(N13="Aplicar identificación avanzada-condición aceptable para cada tipo de factor de riesgo identificado",K13="SI"),VLOOKUP(A13,'2'!$B$12:$M$212,10,FALSE)," ") -> 0 | BC13: =IF(AND(N13="Aplicar identificación avanzada-condición aceptable para cada tipo de factor de riesgo identificado",L13="SI"),VLOOKUP(A13,'2'!$B$12:$M$212,2,FALSE)," ") -> area 9 | BD13: =IF(AND(N13="Aplicar identificación avanzada-condición aceptable para cada tipo de factor de riesgo identificado",L13="SI"),VLOOKUP(A13,'2'!$B$12:$M$212,3,FALSE)," ") -> puesto 9 | BE13: =IF(AND(N13="Aplicar identificación avanzada-condición aceptable para cada tipo de factor de riesgo identificado",L13="SI"),VLOOKUP(A13,'2'!$B$12:$M$212,4,FALSE)," ") -> tarea 9 | BF13: =IF(AND(N13="Aplicar identificación avanzada-condición aceptable para cada tipo de factor de riesgo identificado",L13="SI"),VLOOKUP(A13,'2'!$B$12:$M$212,6,FALSE)," ") -> 0 | BG13: =IF(AND(N13="Aplicar identificación avanzada-condición aceptable para cada tipo de factor de riesgo identificado",L13="SI"),VLOOKUP(A13,'2'!$B$12:$M$212,7,FALSE)," ") -> 0 | BH13: =IF(AND(N13="Aplicar identificación avanzada-condición aceptable para cada tipo de factor de riesgo identificado",L13="SI"),VLOOKUP(A13,'2'!$B$12:$M$212,8,FALSE)," ") -> 0 | BI13: =IF(AND(N13="Aplicar identificación avanzada-condición aceptable para cada tipo de factor de riesgo identificado",L13="SI"),VLOOKUP(A13,'2'!$B$12:$M$212,9,FALSE)," ") -> 0 | BJ13: =IF(AND(N13="Aplicar identificación avanzada-condición aceptable para cada tipo de factor de riesgo identificado",L13="SI"),VLOOKUP(A13,'2'!$B$12:$M$212,10,FALSE)," ") -> 0 | BK13: =IF(AND(N13="Aplicar identificación avanzada-condición aceptable para cada tipo de factor de riesgo identificado",M13="SI"),VLOOKUP(A13,'2'!$B$12:$M$212,2,FALSE)," ") -> area 9 | BL13: =IF(AND(N13="Aplicar identificación avanzada-condición aceptable para cada tipo de factor de riesgo identificado",M13="SI"),VLOOKUP(A13,'2'!$B$12:$M$212,3,FALSE)," ") -> puesto 9 | BM13: =IF(AND(N13="Aplicar identificación avanzada-condición aceptable para cada tipo de factor de riesgo identificado",M13="SI"),VLOOKUP(A13,'2'!$B$12:$M$212,4,FALSE)," ") -> tarea 9 | BN13: =IF(AND(N13="Aplicar identificación avanzada-condición aceptable para cada tipo de factor de riesgo identificado",M13="SI"),VLOOKUP(A13,'2'!$B$12:$M$212,6,FALSE)," ") -> 0 | BO13: =IF(AND(N13="Aplicar identificación avanzada-condición aceptable para cada tipo de factor de riesgo identificado",M13="SI"),VLOOKUP(A13,'2'!$B$12:$M$212,7,FALSE)," ") -> 0 | BP13: =IF(AND(N13="Aplicar identificación avanzada-condición aceptable para cada tipo de factor de riesgo identificado",M13="SI"),VLOOKUP(A13,'2'!$B$12:$M$212,8,FALSE)," ") -> 0 | BQ13: =IF(AND(N13="Aplicar identificación avanzada-condición aceptable para cada tipo de factor de riesgo identificado",M13="SI"),VLOOKUP(A13,'2'!$B$12:$M$212,9,FALSE)," ") -> 0 | BR13: =IF(AND(N13="Aplicar identificación avanzada-condición aceptable para cada tipo de factor de riesgo identificado",M13="SI"),VLOOKUP(A13,'2'!$B$12:$M$212,10,FALSE)," ") -> 0
A14: 10 | B14: ='2'!C23 -> area 10 | C14: ='2'!D23 -> puesto 10 | D14: puesto 10 | E14: ='2'!E23 -> tarea 10 | F14: ='3'!L23 -> Aplicar identificación avanzada-condición aceptable para cada tipo de factor de riesgo identificado | G14: ='3'!E23 -> SI | H14: ='3'!F23 -> SI | I14: ='3'!G23 -> SI | J14: ='3'!H23 -> SI | K14: ='3'!I23 -> SI | L14: ='3'!J23 -> SI | M14: ='3'!K23 -> SI | N14: ='3'!L23 -> Aplicar identificación avanzada-condición aceptable para cada tipo de factor de riesgo identificado | O14: =IF(AND(N14="Aplicar identificación avanzada-condición aceptable para cada tipo de factor de riesgo identificado",G14="SI"),VLOOKUP(A14,'2'!$B$12:$M$212,2,FALSE)," ") -> area 10 | P14: =IF(AND(N14="Aplicar identificación avanzada-condición aceptable para cada tipo de factor de riesgo identificado",G14="SI"),VLOOKUP(A14,'2'!$B$12:$M$212,3,FALSE)," ") -> puesto 10 | Q14: =IF(AND(N14="Aplicar identificación avanzada-condición aceptable para cada tipo de factor de riesgo identificado",G14="SI"),VLOOKUP(A14,'2'!$B$12:$M$212,4,FALSE)," ") -> tarea 10 | R14: =IF(AND(N14="Aplicar identificación avanzada-condición aceptable para cada tipo de factor de riesgo identificado",G14="SI"),VLOOKUP(A14,'2'!$B$12:$M$212,6,FALSE)," ") -> 0 | S14: =IF(AND(N14="Aplicar identificación avanzada-condición aceptable para cada tipo de factor de riesgo identificado",G14="SI"),VLOOKUP(A14,'2'!$B$12:$M$212,7,FALSE)," ") -> 0 | T14: =IF(AND(N14="Aplicar identificación avanzada-condición aceptable para cada tipo de factor de riesgo identificado",G14="SI"),VLOOKUP(A14,'2'!$B$12:$M$212,8,FALSE)," ") -> 0 | U14: =IF(AND(N14="Aplicar identificación avanzada-condición aceptable para cada tipo de factor de riesgo identificado",G14="SI"),VLOOKUP(A14,'2'!$B$12:$M$212,9,FALSE)," ") -> 0 | V14: =IF(AND(N14="Aplicar identificación avanzada-condición aceptable para cada tipo de factor de riesgo identificado",G14="SI"),VLOOKUP(A14,'2'!$B$12:$M$212,10,FALSE)," ") -> 0 | W14: =IF(AND(N14="Aplicar identificación avanzada-condición aceptable para cada tipo de factor de riesgo identificado",H14="SI"),VLOOKUP(A14,'2'!$B$12:$M$212,2,FALSE)," ") -> area 10 | X14: =IF(AND(N14="Aplicar identificación avanzada-condición aceptable para cada tipo de factor de riesgo identificado",H14="SI"),VLOOKUP(A14,'2'!$B$12:$M$212,3,FALSE)," ") -> puesto 10 | Y14: =IF(AND(N14="Aplicar identificación avanzada-condición aceptable para cada tipo de factor de riesgo identificado",H14="SI"),VLOOKUP(A14,'2'!$B$12:$M$212,4,FALSE)," ") -> tarea 10 | Z14: =IF(AND(N14="Aplicar identificación avanzada-condición aceptable para cada tipo de factor de riesgo identificado",H14="SI"),VLOOKUP(A14,'2'!$B$12:$M$212,4,FALSE)," ") -> tarea 10 | AA14: =IF(AND(N14="Aplicar identificación avanzada-condición aceptable para cada tipo de factor de riesgo identificado",H14="SI"),VLOOKUP(A14,'2'!$B$12:$M$212,7,FALSE)," ") -> 0 | AB14: =IF(AND(N14="Aplicar identificación avanzada-condición aceptable para cada tipo de factor de riesgo identificado",H14="SI"),VLOOKUP(A14,'2'!$B$12:$M$212,8,FALSE)," ") -> 0 | AC14: =IF(AND(N14="Aplicar identificación avanzada-condición aceptable para cada tipo de factor de riesgo identificado",H14="SI"),VLOOKUP(A14,'2'!$B$12:$M$212,9,FALSE)," ") -> 0 | AD14: =IF(AND(N14="Aplicar identificación avanzada-condición aceptable para cada tipo de factor de riesgo identificado",H14="SI"),VLOOKUP(A14,'2'!$B$12:$M$212,10,FALSE)," ") -> 0 | AE14: =IF(AND(N14="Aplicar identificación avanzada-condición aceptable para cada tipo de factor de riesgo identificado",I14="SI"),VLOOKUP(A14,'2'!$B$12:$M$212,2,FALSE)," ") -> area 10 | AF14: =IF(AND(N14="Aplicar identificación avanzada-condición aceptable para cada tipo de factor de riesgo identificado",I14="SI"),VLOOKUP(A14,'2'!$B$12:$M$212,3,FALSE)," ") -> puesto 10 | AG14: =IF(AND(N14="Aplicar identificación avanzada-condición aceptable para cada tipo de factor de riesgo identificado",I14="SI"),VLOOKUP(A14,'2'!$B$12:$M$212,4,FALSE)," ") -> tarea 10 | AH14: =IF(AND(N14="Aplicar identificación avanzada-condición aceptable para cada tipo de factor de riesgo identificado",I14="SI"),VLOOKUP(A14,'2'!$B$12:$M$212,6,FALSE)," ") -> 0 | AI14: =IF(AND(N14="Aplicar identificación avanzada-condición aceptable para cada tipo de factor de riesgo identificado",I14="SI"),VLOOKUP(A14,'2'!$B$12:$M$212,7,FALSE)," ") -> 0 | AJ14: =IF(AND(N14="Aplicar identificación avanzada-condición aceptable para cada tipo de factor de riesgo identificado",I14="SI"),VLOOKUP(A14,'2'!$B$12:$M$212,8,FALSE)," ") -> 0 | AK14: =IF(AND(N14="Aplicar identificación avanzada-condición aceptable para cada tipo de factor de riesgo identificado",I14="SI"),VLOOKUP(A14,'2'!$B$12:$M$212,9,FALSE)," ") -> 0 | AL14: =IF(AND(N14="Aplicar identificación avanzada-condición aceptable para cada tipo de factor de riesgo identificado",I14="SI"),VLOOKUP(A14,'2'!$B$12:$M$212,10,FALSE)," ") -> 0 | AM14: =IF(AND(N14="Aplicar identificación avanzada-condición aceptable para cada tipo de factor de riesgo identificado",J14="SI"),VLOOKUP(A14,'2'!$B$12:$M$212,2,FALSE)," ") -> area 10 | AN14: =IF(AND(N14="Aplicar identificación avanzada-condición aceptable para cada tipo de factor de riesgo identificado",J14="SI"),VLOOKUP(A14,'2'!$B$12:$M$212,3,FALSE)," ") -> puesto 10 | AO14: =IF(AND(N14="Aplicar identificación avanzada-condición aceptable para cada tipo de factor de riesgo identificado",J14="SI"),VLOOKUP(A14,'2'!$B$12:$M$212,4,FALSE)," ") -> tarea 10 | AP14: =IF(AND(N14="Aplicar identificación avanzada-condición aceptable para cada tipo de factor de riesgo identificado",J14="SI"),VLOOKUP(A14,'2'!$B$12:$M$212,6,FALSE)," ") -> 0 | AQ14: =IF(AND(N14="Aplicar identificación avanzada-condición aceptable para cada tipo de factor de riesgo identificado",J14="SI"),VLOOKUP(A14,'2'!$B$12:$M$212,7,FALSE)," ") -> 0 | AR14: =IF(AND(N14="Aplicar identificación avanzada-condición aceptable para cada tipo de factor de riesgo identificado",J14="SI"),VLOOKUP(A14,'2'!$B$12:$M$212,8,FALSE)," ") -> 0 | AS14: =IF(AND(N14="Aplicar identificación avanzada-condición aceptable para cada tipo de factor de riesgo identificado",J14="SI"),VLOOKUP(A14,'2'!$B$12:$M$212,9,FALSE)," ") -> 0 | AT14: =IF(AND(N14="Aplicar identificación avanzada-condición aceptable para cada tipo de factor de riesgo identificado",J14="SI"),VLOOKUP(A14,'2'!$B$12:$M$212,10,FALSE)," ") -> 0 | AU14: =IF(AND(N14="Aplicar identificación avanzada-condición aceptable para cada tipo de factor de riesgo identificado",K14="SI"),VLOOKUP(A14,'2'!$B$12:$M$212,2,FALSE)," ") -> area 10 | AV14: =IF(AND(N14="Aplicar identificación avanzada-condición aceptable para cada tipo de factor de riesgo identificado",K14="SI"),VLOOKUP(A14,'2'!$B$12:$M$212,3,FALSE)," ") -> puesto 10 | AW14: =IF(AND(N14="Aplicar identificación avanzada-condición aceptable para cada tipo de factor de riesgo identificado",K14="SI"),VLOOKUP(A14,'2'!$B$12:$M$212,4,FALSE)," ") -> tarea 10 | AX14: =IF(AND(N14="Aplicar identificación avanzada-condición aceptable para cada tipo de factor de riesgo identificado",K14="SI"),VLOOKUP(A14,'2'!$B$12:$M$212,6,FALSE)," ") -> 0 | AY14: =IF(AND(N14="Aplicar identificación avanzada-condición aceptable para cada tipo de factor de riesgo identificado",K14="SI"),VLOOKUP(A14,'2'!$B$12:$M$212,7,FALSE)," ") -> 0 | AZ14: =IF(AND(N14="Aplicar identificación avanzada-condición aceptable para cada tipo de factor de riesgo identificado",K14="SI"),VLOOKUP(A14,'2'!$B$12:$M$212,8,FALSE)," ") -> 0 | BA14: =IF(AND(N14="Aplicar identificación avanzada-condición aceptable para cada tipo de factor de riesgo identificado",K14="SI"),VLOOKUP(A14,'2'!$B$12:$M$212,9,FALSE)," ") -> 0 | BB14: =IF(AND(N14="Aplicar identificación avanzada-condición aceptable para cada tipo de factor de riesgo identificado",K14="SI"),VLOOKUP(A14,'2'!$B$12:$M$212,10,FALSE)," ") -> 0 | BC14: =IF(AND(N14="Aplicar identificación avanzada-condición aceptable para cada tipo de factor de riesgo identificado",L14="SI"),VLOOKUP(A14,'2'!$B$12:$M$212,2,FALSE)," ") -> area 10 | BD14: =IF(AND(N14="Aplicar identificación avanzada-condición aceptable para cada tipo de factor de riesgo identificado",L14="SI"),VLOOKUP(A14,'2'!$B$12:$M$212,3,FALSE)," ") -> puesto 10 | BE14: =IF(AND(N14="Aplicar identificación avanzada-condición aceptable para cada tipo de factor de riesgo identificado",L14="SI"),VLOOKUP(A14,'2'!$B$12:$M$212,4,FALSE)," ") -> tarea 10 | BF14: =IF(AND(N14="Aplicar identificación avanzada-condición aceptable para cada tipo de factor de riesgo identificado",L14="SI"),VLOOKUP(A14,'2'!$B$12:$M$212,6,FALSE)," ") -> 0 | BG14: =IF(AND(N14="Aplicar identificación avanzada-condición aceptable para cada tipo de factor de riesgo identificado",L14="SI"),VLOOKUP(A14,'2'!$B$12:$M$212,7,FALSE)," ") -> 0 | BH14: =IF(AND(N14="Aplicar identificación avanzada-condición aceptable para cada tipo de factor de riesgo identificado",L14="SI"),VLOOKUP(A14,'2'!$B$12:$M$212,8,FALSE)," ") -> 0 | BI14: =IF(AND(N14="Aplicar identificación avanzada-condición aceptable para cada tipo de factor de riesgo identificado",L14="SI"),VLOOKUP(A14,'2'!$B$12:$M$212,9,FALSE)," ") -> 0 | BJ14: =IF(AND(N14="Aplicar identificación avanzada-condición aceptable para cada tipo de factor de riesgo identificado",L14="SI"),VLOOKUP(A14,'2'!$B$12:$M$212,10,FALSE)," ") -> 0 | BK14: =IF(AND(N14="Aplicar identificación avanzada-condición aceptable para cada tipo de factor de riesgo identificado",M14="SI"),VLOOKUP(A14,'2'!$B$12:$M$212,2,FALSE)," ") -> area 10 | BL14: =IF(AND(N14="Aplicar identificación avanzada-condición aceptable para cada tipo de factor de riesgo identificado",M14="SI"),VLOOKUP(A14,'2'!$B$12:$M$212,3,FALSE)," ") -> puesto 10 | BM14: =IF(AND(N14="Aplicar identificación avanzada-condición aceptable para cada tipo de factor de riesgo identificado",M14="SI"),VLOOKUP(A14,'2'!$B$12:$M$212,4,FALSE)," ") -> tarea 10 | BN14: =IF(AND(N14="Aplicar identificación avanzada-condición aceptable para cada tipo de factor de riesgo identificado",M14="SI"),VLOOKUP(A14,'2'!$B$12:$M$212,6,FALSE)," ") -> 0 | BO14: =IF(AND(N14="Aplicar identificación avanzada-condición aceptable para cada tipo de factor de riesgo identificado",M14="SI"),VLOOKUP(A14,'2'!$B$12:$M$212,7,FALSE)," ") -> 0 | BP14: =IF(AND(N14="Aplicar identificación avanzada-condición aceptable para cada tipo de factor de riesgo identificado",M14="SI"),VLOOKUP(A14,'2'!$B$12:$M$212,8,FALSE)," ") -> 0 | BQ14: =IF(AND(N14="Aplicar identificación avanzada-condición aceptable para cada tipo de factor de riesgo identificado",M14="SI"),VLOOKUP(A14,'2'!$B$12:$M$212,9,FALSE)," ") -> 0 | BR14: =IF(AND(N14="Aplicar identificación avanzada-condición aceptable para cada tipo de factor de riesgo identificado",M14="SI"),VLOOKUP(A14,'2'!$B$12:$M$212,10,FALSE)," ") -> 0
A15: 11 | B15: ='2'!C24 -> area 11 | C15: ='2'!D24 -> puesto 11 | D15: puesto 11 | E15: ='2'!E24 -> tarea 11 | F15: ='3'!L24 -> Aplicar identificación avanzada-condición aceptable para cada tipo de factor de riesgo identificado | G15: ='3'!E24 -> SI | H15: ='3'!F24 -> SI | I15: ='3'!G24 -> SI | J15: ='3'!H24 -> SI | K15: ='3'!I24 -> SI | L15: ='3'!J24 -> SI | M15: ='3'!K24 -> SI | N15: ='3'!L24 -> Aplicar identificación avanzada-condición aceptable para cada tipo de factor de riesgo identificado | O15: =IF(AND(N15="Aplicar identificación avanzada-condición aceptable para cada tipo de factor de riesgo identificado",G15="SI"),VLOOKUP(A15,'2'!$B$12:$M$212,2,FALSE)," ") -> area 11 | P15: =IF(AND(N15="Aplicar identificación avanzada-condición aceptable para cada tipo de factor de riesgo identificado",G15="SI"),VLOOKUP(A15,'2'!$B$12:$M$212,3,FALSE)," ") -> puesto 11 | Q15: =IF(AND(N15="Aplicar identificación avanzada-condición aceptable para cada tipo de factor de riesgo identificado",G15="SI"),VLOOKUP(A15,'2'!$B$12:$M$212,4,FALSE)," ") -> tarea 11 | R15: =IF(AND(N15="Aplicar identificación avanzada-condición aceptable para cada tipo de factor de riesgo identificado",G15="SI"),VLOOKUP(A15,'2'!$B$12:$M$212,6,FALSE)," ") -> 0 | S15: =IF(AND(N15="Aplicar identificación avanzada-condición aceptable para cada tipo de factor de riesgo identificado",G15="SI"),VLOOKUP(A15,'2'!$B$12:$M$212,7,FALSE)," ") -> 0 | T15: =IF(AND(N15="Aplicar identificación avanzada-condición aceptable para cada tipo de factor de riesgo identificado",G15="SI"),VLOOKUP(A15,'2'!$B$12:$M$212,8,FALSE)," ") -> 0 | U15: =IF(AND(N15="Aplicar identificación avanzada-condición aceptable para cada tipo de factor de riesgo identificado",G15="SI"),VLOOKUP(A15,'2'!$B$12:$M$212,9,FALSE)," ") -> 0 | V15: =IF(AND(N15="Aplicar identificación avanzada-condición aceptable para cada tipo de factor de riesgo identificado",G15="SI"),VLOOKUP(A15,'2'!$B$12:$M$212,10,FALSE)," ") -> 0 | W15: =IF(AND(N15="Aplicar identificación avanzada-condición aceptable para cada tipo de factor de riesgo identificado",H15="SI"),VLOOKUP(A15,'2'!$B$12:$M$212,2,FALSE)," ") -> area 11 | X15: =IF(AND(N15="Aplicar identificación avanzada-condición aceptable para cada tipo de factor de riesgo identificado",H15="SI"),VLOOKUP(A15,'2'!$B$12:$M$212,3,FALSE)," ") -> puesto 11 | Y15: =IF(AND(N15="Aplicar identificación avanzada-condición aceptable para cada tipo de factor de riesgo identificado",H15="SI"),VLOOKUP(A15,'2'!$B$12:$M$212,4,FALSE)," ") -> tarea 11 | Z15: =IF(AND(N15="Aplicar identificación avanzada-condición aceptable para cada tipo de factor de riesgo identificado",H15="SI"),VLOOKUP(A15,'2'!$B$12:$M$212,4,FALSE)," ") -> tarea 11 | AA15: =IF(AND(N15="Aplicar identificación avanzada-condición aceptable para cada tipo de factor de riesgo identificado",H15="SI"),VLOOKUP(A15,'2'!$B$12:$M$212,7,FALSE)," ") -> 0 | AB15: =IF(AND(N15="Aplicar identificación avanzada-condición aceptable para cada tipo de factor de riesgo identificado",H15="SI"),VLOOKUP(A15,'2'!$B$12:$M$212,8,FALSE)," ") -> 0 | AC15: =IF(AND(N15="Aplicar identificación avanzada-condición aceptable para cada tipo de factor de riesgo identificado",H15="SI"),VLOOKUP(A15,'2'!$B$12:$M$212,9,FALSE)," ") -> 0 | AD15: =IF(AND(N15="Aplicar identificación avanzada-condición aceptable para cada tipo de factor de riesgo identificado",H15="SI"),VLOOKUP(A15,'2'!$B$12:$M$212,10,FALSE)," ") -> 0 | AE15: =IF(AND(N15="Aplicar identificación avanzada-condición aceptable para cada tipo de factor de riesgo identificado",I15="SI"),VLOOKUP(A15,'2'!$B$12:$M$212,2,FALSE)," ") -> area 11 | AF15: =IF(AND(N15="Aplicar identificación avanzada-condición aceptable para cada tipo de factor de riesgo identificado",I15="SI"),VLOOKUP(A15,'2'!$B$12:$M$212,3,FALSE)," ") -> puesto 11 | AG15: =IF(AND(N15="Aplicar identificación avanzada-condición aceptable para cada tipo de factor de riesgo identificado",I15="SI"),VLOOKUP(A15,'2'!$B$12:$M$212,4,FALSE)," ") -> tarea 11 | AH15: =IF(AND(N15="Aplicar identificación avanzada-condición aceptable para cada tipo de factor de riesgo identificado",I15="SI"),VLOOKUP(A15,'2'!$B$12:$M$212,6,FALSE)," ") -> 0 | AI15: =IF(AND(N15="Aplicar identificación avanzada-condición aceptable para cada tipo de factor de riesgo identificado",I15="SI"),VLOOKUP(A15,'2'!$B$12:$M$212,7,FALSE)," ") -> 0 | AJ15: =IF(AND(N15="Aplicar identificación avanzada-condición aceptable para cada tipo de factor de riesgo identificado",I15="SI"),VLOOKUP(A15,'2'!$B$12:$M$212,8,FALSE)," ") -> 0 | AK15: =IF(AND(N15="Aplicar identificación avanzada-condición aceptable para cada tipo de factor de riesgo identificado",I15="SI"),VLOOKUP(A15,'2'!$B$12:$M$212,9,FALSE)," ") -> 0 | AL15: =IF(AND(N15="Aplicar identificación avanzada-condición aceptable para cada tipo de factor de riesgo identificado",I15="SI"),VLOOKUP(A15,'2'!$B$12:$M$212,10,FALSE)," ") -> 0 | AM15: =IF(AND(N15="Aplicar identificación avanzada-condición aceptable para cada tipo de factor de riesgo identificado",J15="SI"),VLOOKUP(A15,'2'!$B$12:$M$212,2,FALSE)," ") -> area 11 | AN15: =IF(AND(N15="Aplicar identificación avanzada-condición aceptable para cada tipo de factor de riesgo identificado",J15="SI"),VLOOKUP(A15,'2'!$B$12:$M$212,3,FALSE)," ") -> puesto 11 | AO15: =IF(AND(N15="Aplicar identificación avanzada-condición aceptable para cada tipo de factor de riesgo identificado",J15="SI"),VLOOKUP(A15,'2'!$B$12:$M$212,4,FALSE)," ") -> tarea 11 | AP15: =IF(AND(N15="Aplicar identificación avanzada-condición aceptable para cada tipo de factor de riesgo identificado",J15="SI"),VLOOKUP(A15,'2'!$B$12:$M$212,6,FALSE)," ") -> 0 | AQ15: =IF(AND(N15="Aplicar identificación avanzada-condición aceptable para cada tipo de factor de riesgo identificado",J15="SI"),VLOOKUP(A15,'2'!$B$12:$M$212,7,FALSE)," ") -> 0 | AR15: =IF(AND(N15="Aplicar identificación avanzada-condición aceptable para cada tipo de factor de riesgo identificado",J15="SI"),VLOOKUP(A15,'2'!$B$12:$M$212,8,FALSE)," ") -> 0 | AS15: =IF(AND(N15="Aplicar identificación avanzada-condición aceptable para cada tipo de factor de riesgo identificado",J15="SI"),VLOOKUP(A15,'2'!$B$12:$M$212,9,FALSE)," ") -> 0 | AT15: =IF(AND(N15="Aplicar identificación avanzada-condición aceptable para cada tipo de factor de riesgo identificado",J15="SI"),VLOOKUP(A15,'2'!$B$12:$M$212,10,FALSE)," ") -> 0 | AU15: =IF(AND(N15="Aplicar identificación avanzada-condición aceptable para cada tipo de factor de riesgo identificado",K15="SI"),VLOOKUP(A15,'2'!$B$12:$M$212,2,FALSE)," ") -> area 11 | AV15: =IF(AND(N15="Aplicar identificación avanzada-condición aceptable para cada tipo de factor de riesgo identificado",K15="SI"),VLOOKUP(A15,'2'!$B$12:$M$212,3,FALSE)," ") -> puesto 11 | AW15: =IF(AND(N15="Aplicar identificación avanzada-condición aceptable para cada tipo de factor de riesgo identificado",K15="SI"),VLOOKUP(A15,'2'!$B$12:$M$212,4,FALSE)," ") -> tarea 11 | AX15: =IF(AND(N15="Aplicar identificación avanzada-condición aceptable para cada tipo de factor de riesgo identificado",K15="SI"),VLOOKUP(A15,'2'!$B$12:$M$212,6,FALSE)," ") -> 0 | AY15: =IF(AND(N15="Aplicar identificación avanzada-condición aceptable para cada tipo de factor de riesgo identificado",K15="SI"),VLOOKUP(A15,'2'!$B$12:$M$212,7,FALSE)," ") -> 0 | AZ15: =IF(AND(N15="Aplicar identificación avanzada-condición aceptable para cada tipo de factor de riesgo identificado",K15="SI"),VLOOKUP(A15,'2'!$B$12:$M$212,8,FALSE)," ") -> 0 | BA15: =IF(AND(N15="Aplicar identificación avanzada-condición aceptable para cada tipo de factor de riesgo identificado",K15="SI"),VLOOKUP(A15,'2'!$B$12:$M$212,9,FALSE)," ") -> 0 | BB15: =IF(AND(N15="Aplicar identificación avanzada-condición aceptable para cada tipo de factor de riesgo identificado",K15="SI"),VLOOKUP(A15,'2'!$B$12:$M$212,10,FALSE)," ") -> 0 | BC15: =IF(AND(N15="Aplicar identificación avanzada-condición aceptable para cada tipo de factor de riesgo identificado",L15="SI"),VLOOKUP(A15,'2'!$B$12:$M$212,2,FALSE)," ") -> area 11 | BD15: =IF(AND(N15="Aplicar identificación avanzada-condición aceptable para cada tipo de factor de riesgo identificado",L15="SI"),VLOOKUP(A15,'2'!$B$12:$M$212,3,FALSE)," ") -> puesto 11 | BE15: =IF(AND(N15="Aplicar identificación avanzada-condición aceptable para cada tipo de factor de riesgo identificado",L15="SI"),VLOOKUP(A15,'2'!$B$12:$M$212,4,FALSE)," ") -> tarea 11 | BF15: =IF(AND(N15="Aplicar identificación avanzada-condición aceptable para cada tipo de factor de riesgo identificado",L15="SI"),VLOOKUP(A15,'2'!$B$12:$M$212,6,FALSE)," ") -> 0 | BG15: =IF(AND(N15="Aplicar identificación avanzada-condición aceptable para cada tipo de factor de riesgo identificado",L15="SI"),VLOOKUP(A15,'2'!$B$12:$M$212,7,FALSE)," ") -> 0 | BH15: =IF(AND(N15="Aplicar identificación avanzada-condición aceptable para cada tipo de factor de riesgo identificado",L15="SI"),VLOOKUP(A15,'2'!$B$12:$M$212,8,FALSE)," ") -> 0 | BI15: =IF(AND(N15="Aplicar identificación avanzada-condición aceptable para cada tipo de factor de riesgo identificado",L15="SI"),VLOOKUP(A15,'2'!$B$12:$M$212,9,FALSE)," ") -> 0 | BJ15: =IF(AND(N15="Aplicar identificación avanzada-condición aceptable para cada tipo de factor de riesgo identificado",L15="SI"),VLOOKUP(A15,'2'!$B$12:$M$212,10,FALSE)," ") -> 0 | BK15: =IF(AND(N15="Aplicar identificación avanzada-condición aceptable para cada tipo de factor de riesgo identificado",M15="SI"),VLOOKUP(A15,'2'!$B$12:$M$212,2,FALSE)," ") -> area 11 | BL15: =IF(AND(N15="Aplicar identificación avanzada-condición aceptable para cada tipo de factor de riesgo identificado",M15="SI"),VLOOKUP(A15,'2'!$B$12:$M$212,3,FALSE)," ") -> puesto 11 | BM15: =IF(AND(N15="Aplicar identificación avanzada-condición aceptable para cada tipo de factor de riesgo identificado",M15="SI"),VLOOKUP(A15,'2'!$B$12:$M$212,4,FALSE)," ") -> tarea 11 | BN15: =IF(AND(N15="Aplicar identificación avanzada-condición aceptable para cada tipo de factor de riesgo identificado",M15="SI"),VLOOKUP(A15,'2'!$B$12:$M$212,6,FALSE)," ") -> 0 | BO15: =IF(AND(N15="Aplicar identificación avanzada-condición aceptable para cada tipo de factor de riesgo identificado",M15="SI"),VLOOKUP(A15,'2'!$B$12:$M$212,7,FALSE)," ") -> 0 | BP15: =IF(AND(N15="Aplicar identificación avanzada-condición aceptable para cada tipo de factor de riesgo identificado",M15="SI"),VLOOKUP(A15,'2'!$B$12:$M$212,8,FALSE)," ") -> 0 | BQ15: =IF(AND(N15="Aplicar identificación avanzada-condición aceptable para cada tipo de factor de riesgo identificado",M15="SI"),VLOOKUP(A15,'2'!$B$12:$M$212,9,FALSE)," ") -> 0 | BR15: =IF(AND(N15="Aplicar identificación avanzada-condición aceptable para cada tipo de factor de riesgo identificado",M15="SI"),VLOOKUP(A15,'2'!$B$12:$M$212,10,FALSE)," ") -> 0
A16: 12 | B16: ='2'!C25 -> area 12 | C16: ='2'!D25 -> puesto 12 | D16: puesto 12 | E16: ='2'!E25 -> tarea 12 | F16: ='3'!L25 -> Aplicar identificación avanzada-condición aceptable para cada tipo de factor de riesgo identificado | G16: ='3'!E25 -> SI | H16: ='3'!F25 -> SI | I16: ='3'!G25 -> SI | J16: ='3'!H25 -> SI | K16: ='3'!I25 -> SI | L16: ='3'!J25 -> SI | M16: ='3'!K25 -> SI | N16: ='3'!L25 -> Aplicar identificación avanzada-condición aceptable para cada tipo de factor de riesgo identificado | O16: =IF(AND(N16="Aplicar identificación avanzada-condición aceptable para cada tipo de factor de riesgo identificado",G16="SI"),VLOOKUP(A16,'2'!$B$12:$M$212,2,FALSE)," ") -> area 12 | P16: =IF(AND(N16="Aplicar identificación avanzada-condición aceptable para cada tipo de factor de riesgo identificado",G16="SI"),VLOOKUP(A16,'2'!$B$12:$M$212,3,FALSE)," ") -> puesto 12 | Q16: =IF(AND(N16="Aplicar identificación avanzada-condición aceptable para cada tipo de factor de riesgo identificado",G16="SI"),VLOOKUP(A16,'2'!$B$12:$M$212,4,FALSE)," ") -> tarea 12 | R16: =IF(AND(N16="Aplicar identificación avanzada-condición aceptable para cada tipo de factor de riesgo identificado",G16="SI"),VLOOKUP(A16,'2'!$B$12:$M$212,6,FALSE)," ") -> 0 | S16: =IF(AND(N16="Aplicar identificación avanzada-condición aceptable para cada tipo de factor de riesgo identificado",G16="SI"),VLOOKUP(A16,'2'!$B$12:$M$212,7,FALSE)," ") -> 0 | T16: =IF(AND(N16="Aplicar identificación avanzada-condición aceptable para cada tipo de factor de riesgo identificado",G16="SI"),VLOOKUP(A16,'2'!$B$12:$M$212,8,FALSE)," ") -> 0 | U16: =IF(AND(N16="Aplicar identificación avanzada-condición aceptable para cada tipo de factor de riesgo identificado",G16="SI"),VLOOKUP(A16,'2'!$B$12:$M$212,9,FALSE)," ") -> 0 | V16: =IF(AND(N16="Aplicar identificación avanzada-condición aceptable para cada tipo de factor de riesgo identificado",G16="SI"),VLOOKUP(A16,'2'!$B$12:$M$212,10,FALSE)," ") -> 0 | W16: =IF(AND(N16="Aplicar identificación avanzada-condición aceptable para cada tipo de factor de riesgo identificado",H16="SI"),VLOOKUP(A16,'2'!$B$12:$M$212,2,FALSE)," ") -> area 12 | X16: =IF(AND(N16="Aplicar identificación avanzada-condición aceptable para cada tipo de factor de riesgo identificado",H16="SI"),VLOOKUP(A16,'2'!$B$12:$M$212,3,FALSE)," ") -> puesto 12 | Y16: =IF(AND(N16="Aplicar identificación avanzada-condición aceptable para cada tipo de factor de riesgo identificado",H16="SI"),VLOOKUP(A16,'2'!$B$12:$M$212,4,FALSE)," ") -> tarea 12 | Z16: =IF(AND(N16="Aplicar identificación avanzada-condición aceptable para cada tipo de factor de riesgo identificado",H16="SI"),VLOOKUP(A16,'2'!$B$12:$M$212,4,FALSE)," ") -> tarea 12 | AA16: =IF(AND(N16="Aplicar identificación avanzada-condición aceptable para cada tipo de factor de riesgo identificado",H16="SI"),VLOOKUP(A16,'2'!$B$12:$M$212,7,FALSE)," ") -> 0 | AB16: =IF(AND(N16="Aplicar identificación avanzada-condición aceptable para cada tipo de factor de riesgo identificado",H16="SI"),VLOOKUP(A16,'2'!$B$12:$M$212,8,FALSE)," ") -> 0 | AC16: =IF(AND(N16="Aplicar identificación avanzada-condición aceptable para cada tipo de factor de riesgo identificado",H16="SI"),VLOOKUP(A16,'2'!$B$12:$M$212,9,FALSE)," ") -> 0 | AD16: =IF(AND(N16="Aplicar identificación avanzada-condición aceptable para cada tipo de factor de riesgo identificado",H16="SI"),VLOOKUP(A16,'2'!$B$12:$M$212,10,FALSE)," ") -> 0 | AE16: =IF(AND(N16="Aplicar identificación avanzada-condición aceptable para cada tipo de factor de riesgo identificado",I16="SI"),VLOOKUP(A16,'2'!$B$12:$M$212,2,FALSE)," ") -> area 12 | AF16: =IF(AND(N16="Aplicar identificación avanzada-condición aceptable para cada tipo de factor de riesgo identificado",I16="SI"),VLOOKUP(A16,'2'!$B$12:$M$212,3,FALSE)," ") -> puesto 12 | AG16: =IF(AND(N16="Aplicar identificación avanzada-condición aceptable para cada tipo de factor de riesgo identificado",I16="SI"),VLOOKUP(A16,'2'!$B$12:$M$212,4,FALSE)," ") -> tarea 12 | AH16: =IF(AND(N16="Aplicar identificación avanzada-condición aceptable para cada tipo de factor de riesgo identificado",I16="SI"),VLOOKUP(A16,'2'!$B$12:$M$212,6,FALSE)," ") -> 0 | AI16: =IF(AND(N16="Aplicar identificación avanzada-condición aceptable para cada tipo de factor de riesgo identificado",I16="SI"),VLOOKUP(A16,'2'!$B$12:$M$212,7,FALSE)," ") -> 0 | AJ16: =IF(AND(N16="Aplicar identificación avanzada-condición aceptable para cada tipo de factor de riesgo identificado",I16="SI"),VLOOKUP(A16,'2'!$B$12:$M$212,8,FALSE)," ") -> 0 | AK16: =IF(AND(N16="Aplicar identificación avanzada-condición aceptable para cada tipo de factor de riesgo identificado",I16="SI"),VLOOKUP(A16,'2'!$B$12:$M$212,9,FALSE)," ") -> 0 | AL16: =IF(AND(N16="Aplicar identificación avanzada-condición aceptable para cada tipo de factor de riesgo identificado",I16="SI"),VLOOKUP(A16,'2'!$B$12:$M$212,10,FALSE)," ") -> 0 | AM16: =IF(AND(N16="Aplicar identificación avanzada-condición aceptable para cada tipo de factor de riesgo identificado",J16="SI"),VLOOKUP(A16,'2'!$B$12:$M$212,2,FALSE)," ") -> area 12 | AN16: =IF(AND(N16="Aplicar identificación avanzada-condición aceptable para cada tipo de factor de riesgo identificado",J16="SI"),VLOOKUP(A16,'2'!$B$12:$M$212,3,FALSE)," ") -> puesto 12 | AO16: =IF(AND(N16="Aplicar identificación avanzada-condición aceptable para cada tipo de factor de riesgo identificado",J16="SI"),VLOOKUP(A16,'2'!$B$12:$M$212,4,FALSE)," ") -> tarea 12 | AP16: =IF(AND(N16="Aplicar identificación avanzada-condición aceptable para cada tipo de factor de riesgo identificado",J16="SI"),VLOOKUP(A16,'2'!$B$12:$M$212,6,FALSE)," ") -> 0 | AQ16: =IF(AND(N16="Aplicar identificación avanzada-condición aceptable para cada tipo de factor de riesgo identificado",J16="SI"),VLOOKUP(A16,'2'!$B$12:$M$212,7,FALSE)," ") -> 0 | AR16: =IF(AND(N16="Aplicar identificación avanzada-condición aceptable para cada tipo de factor de riesgo identificado",J16="SI"),VLOOKUP(A16,'2'!$B$12:$M$212,8,FALSE)," ") -> 0 | AS16: =IF(AND(N16="Aplicar identificación avanzada-condición aceptable para cada tipo de factor de riesgo identificado",J16="SI"),VLOOKUP(A16,'2'!$B$12:$M$212,9,FALSE)," ") -> 0 | AT16: =IF(AND(N16="Aplicar identificación avanzada-condición aceptable para cada tipo de factor de riesgo identificado",J16="SI"),VLOOKUP(A16,'2'!$B$12:$M$212,10,FALSE)," ") -> 0 | AU16: =IF(AND(N16="Aplicar identificación avanzada-condición aceptable para cada tipo de factor de riesgo identificado",K16="SI"),VLOOKUP(A16,'2'!$B$12:$M$212,2,FALSE)," ") -> area 12 | AV16: =IF(AND(N16="Aplicar identificación avanzada-condición aceptable para cada tipo de factor de riesgo identificado",K16="SI"),VLOOKUP(A16,'2'!$B$12:$M$212,3,FALSE)," ") -> puesto 12 | AW16: =IF(AND(N16="Aplicar identificación avanzada-condición aceptable para cada tipo de factor de riesgo identificado",K16="SI"),VLOOKUP(A16,'2'!$B$12:$M$212,4,FALSE)," ") -> tarea 12 | AX16: =IF(AND(N16="Aplicar identificación avanzada-condición aceptable para cada tipo de factor de riesgo identificado",K16="SI"),VLOOKUP(A16,'2'!$B$12:$M$212,6,FALSE)," ") -> 0 | AY16: =IF(AND(N16="Aplicar identificación avanzada-condición aceptable para cada tipo de factor de riesgo identificado",K16="SI"),VLOOKUP(A16,'2'!$B$12:$M$212,7,FALSE)," ") -> 0 | AZ16: =IF(AND(N16="Aplicar identificación avanzada-condición aceptable para cada tipo de factor de riesgo identificado",K16="SI"),VLOOKUP(A16,'2'!$B$12:$M$212,8,FALSE)," ") -> 0 | BA16: =IF(AND(N16="Aplicar identificación avanzada-condición aceptable para cada tipo de factor de riesgo identificado",K16="SI"),VLOOKUP(A16,'2'!$B$12:$M$212,9,FALSE)," ") -> 0 | BB16: =IF(AND(N16="Aplicar identificación avanzada-condición aceptable para cada tipo de factor de riesgo identificado",K16="SI"),VLOOKUP(A16,'2'!$B$12:$M$212,10,FALSE)," ") -> 0 | BC16: =IF(AND(N16="Aplicar identificación avanzada-condición aceptable para cada tipo de factor de riesgo identificado",L16="SI"),VLOOKUP(A16,'2'!$B$12:$M$212,2,FALSE)," ") -> area 12 | BD16: =IF(AND(N16="Aplicar identificación avanzada-condición aceptable para cada tipo de factor de riesgo identificado",L16="SI"),VLOOKUP(A16,'2'!$B$12:$M$212,3,FALSE)," ") -> puesto 12 | BE16: =IF(AND(N16="Aplicar identificación avanzada-condición aceptable para cada tipo de factor de riesgo identificado",L16="SI"),VLOOKUP(A16,'2'!$B$12:$M$212,4,FALSE)," ") -> tarea 12 | BF16: =IF(AND(N16="Aplicar identificación avanzada-condición aceptable para cada tipo de factor de riesgo identificado",L16="SI"),VLOOKUP(A16,'2'!$B$12:$M$212,6,FALSE)," ") -> 0 | BG16: =IF(AND(N16="Aplicar identificación avanzada-condición aceptable para cada tipo de factor de riesgo identificado",L16="SI"),VLOOKUP(A16,'2'!$B$12:$M$212,7,FALSE)," ") -> 0 | BH16: =IF(AND(N16="Aplicar identificación avanzada-condición aceptable para cada tipo de factor de riesgo identificado",L16="SI"),VLOOKUP(A16,'2'!$B$12:$M$212,8,FALSE)," ") -> 0 | BI16: =IF(AND(N16="Aplicar identificación avanzada-condición aceptable para cada tipo de factor de riesgo identificado",L16="SI"),VLOOKUP(A16,'2'!$B$12:$M$212,9,FALSE)," ") -> 0 | BJ16: =IF(AND(N16="Aplicar identificación avanzada-condición aceptable para cada tipo de factor de riesgo identificado",L16="SI"),VLOOKUP(A16,'2'!$B$12:$M$212,10,FALSE)," ") -> 0 | BK16: =IF(AND(N16="Aplicar identificación avanzada-condición aceptable para cada tipo de factor de riesgo identificado",M16="SI"),VLOOKUP(A16,'2'!$B$12:$M$212,2,FALSE)," ") -> area 12 | BL16: =IF(AND(N16="Aplicar identificación avanzada-condición aceptable para cada tipo de factor de riesgo identificado",M16="SI"),VLOOKUP(A16,'2'!$B$12:$M$212,3,FALSE)," ") -> puesto 12 | BM16: =IF(AND(N16="Aplicar identificación avanzada-condición aceptable para cada tipo de factor de riesgo identificado",M16="SI"),VLOOKUP(A16,'2'!$B$12:$M$212,4,FALSE)," ") -> tarea 12 | BN16: =IF(AND(N16="Aplicar identificación avanzada-condición aceptable para cada tipo de factor de riesgo identificado",M16="SI"),VLOOKUP(A16,'2'!$B$12:$M$212,6,FALSE)," ") -> 0 | BO16: =IF(AND(N16="Aplicar identificación avanzada-condición aceptable para cada tipo de factor de riesgo identificado",M16="SI"),VLOOKUP(A16,'2'!$B$12:$M$212,7,FALSE)," ") -> 0 | BP16: =IF(AND(N16="Aplicar identificación avanzada-condición aceptable para cada tipo de factor de riesgo identificado",M16="SI"),VLOOKUP(A16,'2'!$B$12:$M$212,8,FALSE)," ") -> 0 | BQ16: =IF(AND(N16="Aplicar identificación avanzada-condición aceptable para cada tipo de factor de riesgo identificado",M16="SI"),VLOOKUP(A16,'2'!$B$12:$M$212,9,FALSE)," ") -> 0 | BR16: =IF(AND(N16="Aplicar identificación avanzada-condición aceptable para cada tipo de factor de riesgo identificado",M16="SI"),VLOOKUP(A16,'2'!$B$12:$M$212,10,FALSE)," ") -> 0
A17: 13 | B17: ='2'!C26 -> area 13 | C17: ='2'!D26 -> puesto 13 | D17: puesto 13 | E17: ='2'!E26 -> tarea 13 | F17: ='3'!L26 -> Aplicar identificación avanzada-condición aceptable para cada tipo de factor de riesgo identificado | G17: ='3'!E26 -> SI | H17: ='3'!F26 -> SI | I17: ='3'!G26 -> SI | J17: ='3'!H26 -> SI | K17: ='3'!I26 -> SI | L17: ='3'!J26 -> SI | M17: ='3'!K26 -> SI | N17: ='3'!L26 -> Aplicar identificación avanzada-condición aceptable para cada tipo de factor de riesgo identificado | O17: =IF(AND(N17="Aplicar identificación avanzada-condición aceptable para cada tipo de factor de riesgo identificado",G17="SI"),VLOOKUP(A17,'2'!$B$12:$M$212,2,FALSE)," ") -> area 13 | P17: =IF(AND(N17="Aplicar identificación avanzada-condición aceptable para cada tipo de factor de riesgo identificado",G17="SI"),VLOOKUP(A17,'2'!$B$12:$M$212,3,FALSE)," ") -> puesto 13 | Q17: =IF(AND(N17="Aplicar identificación avanzada-condición aceptable para cada tipo de factor de riesgo identificado",G17="SI"),VLOOKUP(A17,'2'!$B$12:$M$212,4,FALSE)," ") -> tarea 13 | R17: =IF(AND(N17="Aplicar identificación avanzada-condición aceptable para cada tipo de factor de riesgo identificado",G17="SI"),VLOOKUP(A17,'2'!$B$12:$M$212,6,FALSE)," ") -> 0 | S17: =IF(AND(N17="Aplicar identificación avanzada-condición aceptable para cada tipo de factor de riesgo identificado",G17="SI"),VLOOKUP(A17,'2'!$B$12:$M$212,7,FALSE)," ") -> 0 | T17: =IF(AND(N17="Aplicar identificación avanzada-condición aceptable para cada tipo de factor de riesgo identificado",G17="SI"),VLOOKUP(A17,'2'!$B$12:$M$212,8,FALSE)," ") -> 0 | U17: =IF(AND(N17="Aplicar identificación avanzada-condición aceptable para cada tipo de factor de riesgo identificado",G17="SI"),VLOOKUP(A17,'2'!$B$12:$M$212,9,FALSE)," ") -> 0 | V17: =IF(AND(N17="Aplicar identificación avanzada-condición aceptable para cada tipo de factor de riesgo identificado",G17="SI"),VLOOKUP(A17,'2'!$B$12:$M$212,10,FALSE)," ") -> 0 | W17: =IF(AND(N17="Aplicar identificación avanzada-condición aceptable para cada tipo de factor de riesgo identificado",H17="SI"),VLOOKUP(A17,'2'!$B$12:$M$212,2,FALSE)," ") -> area 13 | X17: =IF(AND(N17="Aplicar identificación avanzada-condición aceptable para cada tipo de factor de riesgo identificado",H17="SI"),VLOOKUP(A17,'2'!$B$12:$M$212,3,FALSE)," ") -> puesto 13 | Y17: =IF(AND(N17="Aplicar identificación avanzada-condición aceptable para cada tipo de factor de riesgo identificado",H17="SI"),VLOOKUP(A17,'2'!$B$12:$M$212,4,FALSE)," ") -> tarea 13 | Z17: =IF(AND(N17="Aplicar identificación avanzada-condición aceptable para cada tipo de factor de riesgo identificado",H17="SI"),VLOOKUP(A17,'2'!$B$12:$M$212,4,FALSE)," ") -> tarea 13 | AA17: =IF(AND(N17="Aplicar identificación avanzada-condición aceptable para cada tipo de factor de riesgo identificado",H17="SI"),VLOOKUP(A17,'2'!$B$12:$M$212,7,FALSE)," ") -> 0 | AB17: =IF(AND(N17="Aplicar identificación avanzada-condición aceptable para cada tipo de factor de riesgo identificado",H17="SI"),VLOOKUP(A17,'2'!$B$12:$M$212,8,FALSE)," ") -> 0 | AC17: =IF(AND(N17="Aplicar identificación avanzada-condición aceptable para cada tipo de factor de riesgo identificado",H17="SI"),VLOOKUP(A17,'2'!$B$12:$M$212,9,FALSE)," ") -> 0 | AD17: =IF(AND(N17="Aplicar identificación avanzada-condición aceptable para cada tipo de factor de riesgo identificado",H17="SI"),VLOOKUP(A17,'2'!$B$12:$M$212,10,FALSE)," ") -> 0 | AE17: =IF(AND(N17="Aplicar identificación avanzada-condición aceptable para cada tipo de factor de riesgo identificado",I17="SI"),VLOOKUP(A17,'2'!$B$12:$M$212,2,FALSE)," ") -> area 13 | AF17: =IF(AND(N17="Aplicar identificación avanzada-condición aceptable para cada tipo de factor de riesgo identificado",I17="SI"),VLOOKUP(A17,'2'!$B$12:$M$212,3,FALSE)," ") -> puesto 13 | AG17: =IF(AND(N17="Aplicar identificación avanzada-condición aceptable para cada tipo de factor de riesgo identificado",I17="SI"),VLOOKUP(A17,'2'!$B$12:$M$212,4,FALSE)," ") -> tarea 13 | AH17: =IF(AND(N17="Aplicar identificación avanzada-condición aceptable para cada tipo de factor de riesgo identificado",I17="SI"),VLOOKUP(A17,'2'!$B$12:$M$212,6,FALSE)," ") -> 0 | AI17: =IF(AND(N17="Aplicar identificación avanzada-condición aceptable para cada tipo de factor de riesgo identificado",I17="SI"),VLOOKUP(A17,'2'!$B$12:$M$212,7,FALSE)," ") -> 0 | AJ17: =IF(AND(N17="Aplicar identificación avanzada-condición aceptable para cada tipo de factor de riesgo identificado",I17="SI"),VLOOKUP(A17,'2'!$B$12:$M$212,8,FALSE)," ") -> 0 | AK17: =IF(AND(N17="Aplicar identificación avanzada-condición aceptable para cada tipo de factor de riesgo identificado",I17="SI"),VLOOKUP(A17,'2'!$B$12:$M$212,9,FALSE)," ") -> 0 | AL17: =IF(AND(N17="Aplicar identificación avanzada-condición aceptable para cada tipo de factor de riesgo identificado",I17="SI"),VLOOKUP(A17,'2'!$B$12:$M$212,10,FALSE)," ") -> 0 | AM17: =IF(AND(N17="Aplicar identificación avanzada-condición aceptable para cada tipo de factor de riesgo identificado",J17="SI"),VLOOKUP(A17,'2'!$B$12:$M$212,2,FALSE)," ") -> area 13 | AN17: =IF(AND(N17="Aplicar identificación avanzada-condición aceptable para cada tipo de factor de riesgo identificado",J17="SI"),VLOOKUP(A17,'2'!$B$12:$M$212,3,FALSE)," ") -> puesto 13 | AO17: =IF(AND(N17="Aplicar identificación avanzada-condición aceptable para cada tipo de factor de riesgo identificado",J17="SI"),VLOOKUP(A17,'2'!$B$12:$M$212,4,FALSE)," ") -> tarea 13 | AP17: =IF(AND(N17="Aplicar identificación avanzada-condición aceptable para cada tipo de factor de riesgo identificado",J17="SI"),VLOOKUP(A17,'2'!$B$12:$M$212,6,FALSE)," ") -> 0 | AQ17: =IF(AND(N17="Aplicar identificación avanzada-condición aceptable para cada tipo de factor de riesgo identificado",J17="SI"),VLOOKUP(A17,'2'!$B$12:$M$212,7,FALSE)," ") -> 0 | AR17: =IF(AND(N17="Aplicar identificación avanzada-condición aceptable para cada tipo de factor de riesgo identificado",J17="SI"),VLOOKUP(A17,'2'!$B$12:$M$212,8,FALSE)," ") -> 0 | AS17: =IF(AND(N17="Aplicar identificación avanzada-condición aceptable para cada tipo de factor de riesgo identificado",J17="SI"),VLOOKUP(A17,'2'!$B$12:$M$212,9,FALSE)," ") -> 0 | AT17: =IF(AND(N17="Aplicar identificación avanzada-condición aceptable para cada tipo de factor de riesgo identificado",J17="SI"),VLOOKUP(A17,'2'!$B$12:$M$212,10,FALSE)," ") -> 0 | AU17: =IF(AND(N17="Aplicar identificación avanzada-condición aceptable para cada tipo de factor de riesgo identificado",K17="SI"),VLOOKUP(A17,'2'!$B$12:$M$212,2,FALSE)," ") -> area 13 | AV17: =IF(AND(N17="Aplicar identificación avanzada-condición aceptable para cada tipo de factor de riesgo identificado",K17="SI"),VLOOKUP(A17,'2'!$B$12:$M$212,3,FALSE)," ") -> puesto 13 | AW17: =IF(AND(N17="Aplicar identificación avanzada-condición aceptable para cada tipo de factor de riesgo identificado",K17="SI"),VLOOKUP(A17,'2'!$B$12:$M$212,4,FALSE)," ") -> tarea 13 | AX17: =IF(AND(N17="Aplicar identificación avanzada-condición aceptable para cada tipo de factor de riesgo identificado",K17="SI"),VLOOKUP(A17,'2'!$B$12:$M$212,6,FALSE)," ") -> 0 | AY17: =IF(AND(N17="Aplicar identificación avanzada-condición aceptable para cada tipo de factor de riesgo identificado",K17="SI"),VLOOKUP(A17,'2'!$B$12:$M$212,7,FALSE)," ") -> 0 | AZ17: =IF(AND(N17="Aplicar identificación avanzada-condición aceptable para cada tipo de factor de riesgo identificado",K17="SI"),VLOOKUP(A17,'2'!$B$12:$M$212,8,FALSE)," ") -> 0 | BA17: =IF(AND(N17="Aplicar identificación avanzada-condición aceptable para cada tipo de factor de riesgo identificado",K17="SI"),VLOOKUP(A17,'2'!$B$12:$M$212,9,FALSE)," ") -> 0 | BB17: =IF(AND(N17="Aplicar identificación avanzada-condición aceptable para cada tipo de factor de riesgo identificado",K17="SI"),VLOOKUP(A17,'2'!$B$12:$M$212,10,FALSE)," ") -> 0 | BC17: =IF(AND(N17="Aplicar identificación avanzada-condición aceptable para cada tipo de factor de riesgo identificado",L17="SI"),VLOOKUP(A17,'2'!$B$12:$M$212,2,FALSE)," ") -> area 13 | BD17: =IF(AND(N17="Aplicar identificación avanzada-condición aceptable para cada tipo de factor de riesgo identificado",L17="SI"),VLOOKUP(A17,'2'!$B$12:$M$212,3,FALSE)," ") -> puesto 13 | BE17: =IF(AND(N17="Aplicar identificación avanzada-condición aceptable para cada tipo de factor de riesgo identificado",L17="SI"),VLOOKUP(A17,'2'!$B$12:$M$212,4,FALSE)," ") -> tarea 13 | BF17: =IF(AND(N17="Aplicar identificación avanzada-condición aceptable para cada tipo de factor de riesgo identificado",L17="SI"),VLOOKUP(A17,'2'!$B$12:$M$212,6,FALSE)," ") -> 0 | BG17: =IF(AND(N17="Aplicar identificación avanzada-condición aceptable para cada tipo de factor de riesgo identificado",L17="SI"),VLOOKUP(A17,'2'!$B$12:$M$212,7,FALSE)," ") -> 0 | BH17: =IF(AND(N17="Aplicar identificación avanzada-condición aceptable para cada tipo de factor de riesgo identificado",L17="SI"),VLOOKUP(A17,'2'!$B$12:$M$212,8,FALSE)," ") -> 0 | BI17: =IF(AND(N17="Aplicar identificación avanzada-condición aceptable para cada tipo de factor de riesgo identificado",L17="SI"),VLOOKUP(A17,'2'!$B$12:$M$212,9,FALSE)," ") -> 0 | BJ17: =IF(AND(N17="Aplicar identificación avanzada-condición aceptable para cada tipo de factor de riesgo identificado",L17="SI"),VLOOKUP(A17,'2'!$B$12:$M$212,10,FALSE)," ") -> 0 | BK17: =IF(AND(N17="Aplicar identificación avanzada-condición aceptable para cada tipo de factor de riesgo identificado",M17="SI"),VLOOKUP(A17,'2'!$B$12:$M$212,2,FALSE)," ") -> area 13 | BL17: =IF(AND(N17="Aplicar identificación avanzada-condición aceptable para cada tipo de factor de riesgo identificado",M17="SI"),VLOOKUP(A17,'2'!$B$12:$M$212,3,FALSE)," ") -> puesto 13 | BM17: =IF(AND(N17="Aplicar identificación avanzada-condición aceptable para cada tipo de factor de riesgo identificado",M17="SI"),VLOOKUP(A17,'2'!$B$12:$M$212,4,FALSE)," ") -> tarea 13 | BN17: =IF(AND(N17="Aplicar identificación avanzada-condición aceptable para cada tipo de factor de riesgo identificado",M17="SI"),VLOOKUP(A17,'2'!$B$12:$M$212,6,FALSE)," ") -> 0 | BO17: =IF(AND(N17="Aplicar identificación avanzada-condición aceptable para cada tipo de factor de riesgo identificado",M17="SI"),VLOOKUP(A17,'2'!$B$12:$M$212,7,FALSE)," ") -> 0 | BP17: =IF(AND(N17="Aplicar identificación avanzada-condición aceptable para cada tipo de factor de riesgo identificado",M17="SI"),VLOOKUP(A17,'2'!$B$12:$M$212,8,FALSE)," ") -> 0 | BQ17: =IF(AND(N17="Aplicar identificación avanzada-condición aceptable para cada tipo de factor de riesgo identificado",M17="SI"),VLOOKUP(A17,'2'!$B$12:$M$212,9,FALSE)," ") -> 0 | BR17: =IF(AND(N17="Aplicar identificación avanzada-condición aceptable para cada tipo de factor de riesgo identificado",M17="SI"),VLOOKUP(A17,'2'!$B$12:$M$212,10,FALSE)," ") -> 0
A18: 14 | B18: ='2'!C27 -> area 14 | C18: ='2'!D27 -> puesto 14 | D18: puesto 14 | E18: ='2'!E27 -> tarea 14 | F18: ='3'!L27 -> Aplicar identificación avanzada-condición aceptable para cada tipo de factor de riesgo identificado | G18: ='3'!E27 -> SI | H18: ='3'!F27 -> SI | I18: ='3'!G27 -> SI | J18: ='3'!H27 -> SI | K18: ='3'!I27 -> SI | L18: ='3'!J27 -> SI | M18: ='3'!K27 -> SI | N18: ='3'!L27 -> Aplicar identificación avanzada-condición aceptable para cada tipo de factor de riesgo identificado | O18: =IF(AND(N18="Aplicar identificación avanzada-condición aceptable para cada tipo de factor de riesgo identificado",G18="SI"),VLOOKUP(A18,'2'!$B$12:$M$212,2,FALSE)," ") -> area 14 | P18: =IF(AND(N18="Aplicar identificación avanzada-condición aceptable para cada tipo de factor de riesgo identificado",G18="SI"),VLOOKUP(A18,'2'!$B$12:$M$212,3,FALSE)," ") -> puesto 14 | Q18: =IF(AND(N18="Aplicar identificación avanzada-condición aceptable para cada tipo de factor de riesgo identificado",G18="SI"),VLOOKUP(A18,'2'!$B$12:$M$212,4,FALSE)," ") -> tarea 14 | R18: =IF(AND(N18="Aplicar identificación avanzada-condición aceptable para cada tipo de factor de riesgo identificado",G18="SI"),VLOOKUP(A18,'2'!$B$12:$M$212,6,FALSE)," ") -> 0 | S18: =IF(AND(N18="Aplicar identificación avanzada-condición aceptable para cada tipo de factor de riesgo identificado",G18="SI"),VLOOKUP(A18,'2'!$B$12:$M$212,7,FALSE)," ") -> 0 | T18: =IF(AND(N18="Aplicar identificación avanzada-condición aceptable para cada tipo de factor de riesgo identificado",G18="SI"),VLOOKUP(A18,'2'!$B$12:$M$212,8,FALSE)," ") -> 0 | U18: =IF(AND(N18="Aplicar identificación avanzada-condición aceptable para cada tipo de factor de riesgo identificado",G18="SI"),VLOOKUP(A18,'2'!$B$12:$M$212,9,FALSE)," ") -> 0 | V18: =IF(AND(N18="Aplicar identificación avanzada-condición aceptable para cada tipo de factor de riesgo identificado",G18="SI"),VLOOKUP(A18,'2'!$B$12:$M$212,10,FALSE)," ") -> 0 | W18: =IF(AND(N18="Aplicar identificación avanzada-condición aceptable para cada tipo de factor de riesgo identificado",H18="SI"),VLOOKUP(A18,'2'!$B$12:$M$212,2,FALSE)," ") -> area 14 | X18: =IF(AND(N18="Aplicar identificación avanzada-condición aceptable para cada tipo de factor de riesgo identificado",H18="SI"),VLOOKUP(A18,'2'!$B$12:$M$212,3,FALSE)," ") -> puesto 14 | Y18: =IF(AND(N18="Aplicar identificación avanzada-condición aceptable para cada tipo de factor de riesgo identificado",H18="SI"),VLOOKUP(A18,'2'!$B$12:$M$212,4,FALSE)," ") -> tarea 14 | Z18: =IF(AND(N18="Aplicar identificación avanzada-condición aceptable para cada tipo de factor de riesgo identificado",H18="SI"),VLOOKUP(A18,'2'!$B$12:$M$212,4,FALSE)," ") -> tarea 14 | AA18: =IF(AND(N18="Aplicar identificación avanzada-condición aceptable para cada tipo de factor de riesgo identificado",H18="SI"),VLOOKUP(A18,'2'!$B$12:$M$212,7,FALSE)," ") -> 0 | AB18: =IF(AND(N18="Aplicar identificación avanzada-condición aceptable para cada tipo de factor de riesgo identificado",H18="SI"),VLOOKUP(A18,'2'!$B$12:$M$212,8,FALSE)," ") -> 0 | AC18: =IF(AND(N18="Aplicar identificación avanzada-condición aceptable para cada tipo de factor de riesgo identificado",H18="SI"),VLOOKUP(A18,'2'!$B$12:$M$212,9,FALSE)," ") -> 0 | AD18: =IF(AND(N18="Aplicar identificación avanzada-condición aceptable para cada tipo de factor de riesgo identificado",H18="SI"),VLOOKUP(A18,'2'!$B$12:$M$212,10,FALSE)," ") -> 0 | AE18: =IF(AND(N18="Aplicar identificación avanzada-condición aceptable para cada tipo de factor de riesgo identificado",I18="SI"),VLOOKUP(A18,'2'!$B$12:$M$212,2,FALSE)," ") -> area 14 | AF18: =IF(AND(N18="Aplicar identificación avanzada-condición aceptable para cada tipo de factor de riesgo identificado",I18="SI"),VLOOKUP(A18,'2'!$B$12:$M$212,3,FALSE)," ") -> puesto 14 | AG18: =IF(AND(N18="Aplicar identificación avanzada-condición aceptable para cada tipo de factor de riesgo identificado",I18="SI"),VLOOKUP(A18,'2'!$B$12:$M$212,4,FALSE)," ") -> tarea 14 | AH18: =IF(AND(N18="Aplicar identificación avanzada-condición aceptable para cada tipo de factor de riesgo identificado",I18="SI"),VLOOKUP(A18,'2'!$B$12:$M$212,6,FALSE)," ") -> 0 | AI18: =IF(AND(N18="Aplicar identificación avanzada-condición aceptable para cada tipo de factor de riesgo identificado",I18="SI"),VLOOKUP(A18,'2'!$B$12:$M$212,7,FALSE)," ") -> 0 | AJ18: =IF(AND(N18="Aplicar identificación avanzada-condición aceptable para cada tipo de factor de riesgo identificado",I18="SI"),VLOOKUP(A18,'2'!$B$12:$M$212,8,FALSE)," ") -> 0 | AK18: =IF(AND(N18="Aplicar identificación avanzada-condición aceptable para cada tipo de factor de riesgo identificado",I18="SI"),VLOOKUP(A18,'2'!$B$12:$M$212,9,FALSE)," ") -> 0 | AL18: =IF(AND(N18="Aplicar identificación avanzada-condición aceptable para cada tipo de factor de riesgo identificado",I18="SI"),VLOOKUP(A18,'2'!$B$12:$M$212,10,FALSE)," ") -> 0 | AM18: =IF(AND(N18="Aplicar identificación avanzada-condición aceptable para cada tipo de factor de riesgo identificado",J18="SI"),VLOOKUP(A18,'2'!$B$12:$M$212,2,FALSE)," ") -> area 14 | AN18: =IF(AND(N18="Aplicar identificación avanzada-condición aceptable para cada tipo de factor de riesgo identificado",J18="SI"),VLOOKUP(A18,'2'!$B$12:$M$212,3,FALSE)," ") -> puesto 14 | AO18: =IF(AND(N18="Aplicar identificación avanzada-condición aceptable para cada tipo de factor de riesgo identificado",J18="SI"),VLOOKUP(A18,'2'!$B$12:$M$212,4,FALSE)," ") -> tarea 14 | AP18: =IF(AND(N18="Aplicar identificación avanzada-condición aceptable para cada tipo de factor de riesgo identificado",J18="SI"),VLOOKUP(A18,'2'!$B$12:$M$212,6,FALSE)," ") -> 0 | AQ18: =IF(AND(N18="Aplicar identificación avanzada-condición aceptable para cada tipo de factor de riesgo identificado",J18="SI"),VLOOKUP(A18,'2'!$B$12:$M$212,7,FALSE)," ") -> 0 | AR18: =IF(AND(N18="Aplicar identificación avanzada-condición aceptable para cada tipo de factor de riesgo identificado",J18="SI"),VLOOKUP(A18,'2'!$B$12:$M$212,8,FALSE)," ") -> 0 | AS18: =IF(AND(N18="Aplicar identificación avanzada-condición aceptable para cada tipo de factor de riesgo identificado",J18="SI"),VLOOKUP(A18,'2'!$B$12:$M$212,9,FALSE)," ") -> 0 | AT18: =IF(AND(N18="Aplicar identificación avanzada-condición aceptable para cada tipo de factor de riesgo identificado",J18="SI"),VLOOKUP(A18,'2'!$B$12:$M$212,10,FALSE)," ") -> 0 | AU18: =IF(AND(N18="Aplicar identificación avanzada-condición aceptable para cada tipo de factor de riesgo identificado",K18="SI"),VLOOKUP(A18,'2'!$B$12:$M$212,2,FALSE)," ") -> area 14 | AV18: =IF(AND(N18="Aplicar identificación avanzada-condición aceptable para cada tipo de factor de riesgo identificado",K18="SI"),VLOOKUP(A18,'2'!$B$12:$M$212,3,FALSE)," ") -> puesto 14 | AW18: =IF(AND(N18="Aplicar identificación avanzada-condición aceptable para cada tipo de factor de riesgo identificado",K18="SI"),VLOOKUP(A18,'2'!$B$12:$M$212,4,FALSE)," ") -> tarea 14 | AX18: =IF(AND(N18="Aplicar identificación avanzada-condición aceptable para cada tipo de factor de riesgo identificado",K18="SI"),VLOOKUP(A18,'2'!$B$12:$M$212,6,FALSE)," ") -> 0 | AY18: =IF(AND(N18="Aplicar identificación avanzada-condición aceptable para cada tipo de factor de riesgo identificado",K18="SI"),VLOOKUP(A18,'2'!$B$12:$M$212,7,FALSE)," ") -> 0 | AZ18: =IF(AND(N18="Aplicar identificación avanzada-condición aceptable para cada tipo de factor de riesgo identificado",K18="SI"),VLOOKUP(A18,'2'!$B$12:$M$212,8,FALSE)," ") -> 0 | BA18: =IF(AND(N18="Aplicar identificación avanzada-condición aceptable para cada tipo de factor de riesgo identificado",K18="SI"),VLOOKUP(A18,'2'!$B$12:$M$212,9,FALSE)," ") -> 0 | BB18: =IF(AND(N18="Aplicar identificación avanzada-condición aceptable para cada tipo de factor de riesgo identificado",K18="SI"),VLOOKUP(A18,'2'!$B$12:$M$212,10,FALSE)," ") -> 0 | BC18: =IF(AND(N18="Aplicar identificación avanzada-condición aceptable para cada tipo de factor de riesgo identificado",L18="SI"),VLOOKUP(A18,'2'!$B$12:$M$212,2,FALSE)," ") -> area 14 | BD18: =IF(AND(N18="Aplicar identificación avanzada-condición aceptable para cada tipo de factor de riesgo identificado",L18="SI"),VLOOKUP(A18,'2'!$B$12:$M$212,3,FALSE)," ") -> puesto 14 | BE18: =IF(AND(N18="Aplicar identificación avanzada-condición aceptable para cada tipo de factor de riesgo identificado",L18="SI"),VLOOKUP(A18,'2'!$B$12:$M$212,4,FALSE)," ") -> tarea 14 | BF18: =IF(AND(N18="Aplicar identificación avanzada-condición aceptable para cada tipo de factor de riesgo identificado",L18="SI"),VLOOKUP(A18,'2'!$B$12:$M$212,6,FALSE)," ") -> 0 | BG18: =IF(AND(N18="Aplicar identificación avanzada-condición aceptable para cada tipo de factor de riesgo identificado",L18="SI"),VLOOKUP(A18,'2'!$B$12:$M$212,7,FALSE)," ") -> 0 | BH18: =IF(AND(N18="Aplicar identificación avanzada-condición aceptable para cada tipo de factor de riesgo identificado",L18="SI"),VLOOKUP(A18,'2'!$B$12:$M$212,8,FALSE)," ") -> 0 | BI18: =IF(AND(N18="Aplicar identificación avanzada-condición aceptable para cada tipo de factor de riesgo identificado",L18="SI"),VLOOKUP(A18,'2'!$B$12:$M$212,9,FALSE)," ") -> 0 | BJ18: =IF(AND(N18="Aplicar identificación avanzada-condición aceptable para cada tipo de factor de riesgo identificado",L18="SI"),VLOOKUP(A18,'2'!$B$12:$M$212,10,FALSE)," ") -> 0 | BK18: =IF(AND(N18="Aplicar identificación avanzada-condición aceptable para cada tipo de factor de riesgo identificado",M18="SI"),VLOOKUP(A18,'2'!$B$12:$M$212,2,FALSE)," ") -> area 14 | BL18: =IF(AND(N18="Aplicar identificación avanzada-condición aceptable para cada tipo de factor de riesgo identificado",M18="SI"),VLOOKUP(A18,'2'!$B$12:$M$212,3,FALSE)," ") -> puesto 14 | BM18: =IF(AND(N18="Aplicar identificación avanzada-condición aceptable para cada tipo de factor de riesgo identificado",M18="SI"),VLOOKUP(A18,'2'!$B$12:$M$212,4,FALSE)," ") -> tarea 14 | BN18: =IF(AND(N18="Aplicar identificación avanzada-condición aceptable para cada tipo de factor de riesgo identificado",M18="SI"),VLOOKUP(A18,'2'!$B$12:$M$212,6,FALSE)," ") -> 0 | BO18: =IF(AND(N18="Aplicar identificación avanzada-condición aceptable para cada tipo de factor de riesgo identificado",M18="SI"),VLOOKUP(A18,'2'!$B$12:$M$212,7,FALSE)," ") -> 0 | BP18: =IF(AND(N18="Aplicar identificación avanzada-condición aceptable para cada tipo de factor de riesgo identificado",M18="SI"),VLOOKUP(A18,'2'!$B$12:$M$212,8,FALSE)," ") -> 0 | BQ18: =IF(AND(N18="Aplicar identificación avanzada-condición aceptable para cada tipo de factor de riesgo identificado",M18="SI"),VLOOKUP(A18,'2'!$B$12:$M$212,9,FALSE)," ") -> 0 | BR18: =IF(AND(N18="Aplicar identificación avanzada-condición aceptable para cada tipo de factor de riesgo identificado",M18="SI"),VLOOKUP(A18,'2'!$B$12:$M$212,10,FALSE)," ") -> 0
A19: 15 | B19: ='2'!C28 -> area 15 | C19: ='2'!D28 -> puesto 15 | D19: puesto 15 | E19: ='2'!E28 -> tarea 15 | F19: ='3'!L28 -> Aplicar identificación avanzada-condición aceptable para cada tipo de factor de riesgo identificado | G19: ='3'!E28 -> SI | H19: ='3'!F28 -> SI | I19: ='3'!G28 -> SI | J19: ='3'!H28 -> SI | K19: ='3'!I28 -> SI | L19: ='3'!J28 -> SI | M19: ='3'!K28 -> SI | N19: ='3'!L28 -> Aplicar identificación avanzada-condición aceptable para cada tipo de factor de riesgo identificado | O19: =IF(AND(N19="Aplicar identificación avanzada-condición aceptable para cada tipo de factor de riesgo identificado",G19="SI"),VLOOKUP(A19,'2'!$B$12:$M$212,2,FALSE)," ") -> area 15 | P19: =IF(AND(N19="Aplicar identificación avanzada-condición aceptable para cada tipo de factor de riesgo identificado",G19="SI"),VLOOKUP(A19,'2'!$B$12:$M$212,3,FALSE)," ") -> puesto 15 | Q19: =IF(AND(N19="Aplicar identificación avanzada-condición aceptable para cada tipo de factor de riesgo identificado",G19="SI"),VLOOKUP(A19,'2'!$B$12:$M$212,4,FALSE)," ") -> tarea 15 | R19: =IF(AND(N19="Aplicar identificación avanzada-condición aceptable para cada tipo de factor de riesgo identificado",G19="SI"),VLOOKUP(A19,'2'!$B$12:$M$212,6,FALSE)," ") -> 0 | S19: =IF(AND(N19="Aplicar identificación avanzada-condición aceptable para cada tipo de factor de riesgo identificado",G19="SI"),VLOOKUP(A19,'2'!$B$12:$M$212,7,FALSE)," ") -> 0 | T19: =IF(AND(N19="Aplicar identificación avanzada-condición aceptable para cada tipo de factor de riesgo identificado",G19="SI"),VLOOKUP(A19,'2'!$B$12:$M$212,8,FALSE)," ") -> 0 | U19: =IF(AND(N19="Aplicar identificación avanzada-condición aceptable para cada tipo de factor de riesgo identificado",G19="SI"),VLOOKUP(A19,'2'!$B$12:$M$212,9,FALSE)," ") -> 0 | V19: =IF(AND(N19="Aplicar identificación avanzada-condición aceptable para cada tipo de factor de riesgo identificado",G19="SI"),VLOOKUP(A19,'2'!$B$12:$M$212,10,FALSE)," ") -> 0 | W19: =IF(AND(N19="Aplicar identificación avanzada-condición aceptable para cada tipo de factor de riesgo identificado",H19="SI"),VLOOKUP(A19,'2'!$B$12:$M$212,2,FALSE)," ") -> area 15 | X19: =IF(AND(N19="Aplicar identificación avanzada-condición aceptable para cada tipo de factor de riesgo identificado",H19="SI"),VLOOKUP(A19,'2'!$B$12:$M$212,3,FALSE)," ") -> puesto 15 | Y19: =IF(AND(N19="Aplicar identificación avanzada-condición aceptable para cada tipo de factor de riesgo identificado",H19="SI"),VLOOKUP(A19,'2'!$B$12:$M$212,4,FALSE)," ") -> tarea 15 | Z19: =IF(AND(N19="Aplicar identificación avanzada-condición aceptable para cada tipo de factor de riesgo identificado",H19="SI"),VLOOKUP(A19,'2'!$B$12:$M$212,4,FALSE)," ") -> tarea 15 | AA19: =IF(AND(N19="Aplicar identificación avanzada-condición aceptable para cada tipo de factor de riesgo identificado",H19="SI"),VLOOKUP(A19,'2'!$B$12:$M$212,7,FALSE)," ") -> 0 | AB19: =IF(AND(N19="Aplicar identificación avanzada-condición aceptable para cada tipo de factor de riesgo identificado",H19="SI"),VLOOKUP(A19,'2'!$B$12:$M$212,8,FALSE)," ") -> 0 | AC19: =IF(AND(N19="Aplicar identificación avanzada-condición aceptable para cada tipo de factor de riesgo identificado",H19="SI"),VLOOKUP(A19,'2'!$B$12:$M$212,9,FALSE)," ") -> 0 | AD19: =IF(AND(N19="Aplicar identificación avanzada-condición aceptable para cada tipo de factor de riesgo identificado",H19="SI"),VLOOKUP(A19,'2'!$B$12:$M$212,10,FALSE)," ") -> 0 | AE19: =IF(AND(N19="Aplicar identificación avanzada-condición aceptable para cada tipo de factor de riesgo identificado",I19="SI"),VLOOKUP(A19,'2'!$B$12:$M$212,2,FALSE)," ") -> area 15 | AF19: =IF(AND(N19="Aplicar identificación avanzada-condición aceptable para cada tipo de factor de riesgo identificado",I19="SI"),VLOOKUP(A19,'2'!$B$12:$M$212,3,FALSE)," ") -> puesto 15 | AG19: =IF(AND(N19="Aplicar identificación avanzada-condición aceptable para cada tipo de factor de riesgo identificado",I19="SI"),VLOOKUP(A19,'2'!$B$12:$M$212,4,FALSE)," ") -> tarea 15 | AH19: =IF(AND(N19="Aplicar identificación avanzada-condición aceptable para cada tipo de factor de riesgo identificado",I19="SI"),VLOOKUP(A19,'2'!$B$12:$M$212,6,FALSE)," ") -> 0 | AI19: =IF(AND(N19="Aplicar identificación avanzada-condición aceptable para cada tipo de factor de riesgo identificado",I19="SI"),VLOOKUP(A19,'2'!$B$12:$M$212,7,FALSE)," ") -> 0 | AJ19: =IF(AND(N19="Aplicar identificación avanzada-condición aceptable para cada tipo de factor de riesgo identificado",I19="SI"),VLOOKUP(A19,'2'!$B$12:$M$212,8,FALSE)," ") -> 0 | AK19: =IF(AND(N19="Aplicar identificación avanzada-condición aceptable para cada tipo de factor de riesgo identificado",I19="SI"),VLOOKUP(A19,'2'!$B$12:$M$212,9,FALSE)," ") -> 0 | AL19: =IF(AND(N19="Aplicar identificación avanzada-condición aceptable para cada tipo de factor de riesgo identificado",I19="SI"),VLOOKUP(A19,'2'!$B$12:$M$212,10,FALSE)," ") -> 0 | AM19: =IF(AND(N19="Aplicar identificación avanzada-condición aceptable para cada tipo de factor de riesgo identificado",J19="SI"),VLOOKUP(A19,'2'!$B$12:$M$212,2,FALSE)," ") -> area 15 | AN19: =IF(AND(N19="Aplicar identificación avanzada-condición aceptable para cada tipo de factor de riesgo identificado",J19="SI"),VLOOKUP(A19,'2'!$B$12:$M$212,3,FALSE)," ") -> puesto 15 | AO19: =IF(AND(N19="Aplicar identificación avanzada-condición aceptable para cada tipo de factor de riesgo identificado",J19="SI"),VLOOKUP(A19,'2'!$B$12:$M$212,4,FALSE)," ") -> tarea 15 | AP19: =IF(AND(N19="Aplicar identificación avanzada-condición aceptable para cada tipo de factor de riesgo identificado",J19="SI"),VLOOKUP(A19,'2'!$B$12:$M$212,6,FALSE)," ") -> 0 | AQ19: =IF(AND(N19="Aplicar identificación avanzada-condición aceptable para cada tipo de factor de riesgo identificado",J19="SI"),VLOOKUP(A19,'2'!$B$12:$M$212,7,FALSE)," ") -> 0 | AR19: =IF(AND(N19="Aplicar identificación avanzada-condición aceptable para cada tipo de factor de riesgo identificado",J19="SI"),VLOOKUP(A19,'2'!$B$12:$M$212,8,FALSE)," ") -> 0 | AS19: =IF(AND(N19="Aplicar identificación avanzada-condición aceptable para cada tipo de factor de riesgo identificado",J19="SI"),VLOOKUP(A19,'2'!$B$12:$M$212,9,FALSE)," ") -> 0 | AT19: =IF(AND(N19="Aplicar identificación avanzada-condición aceptable para cada tipo de factor de riesgo identificado",J19="SI"),VLOOKUP(A19,'2'!$B$12:$M$212,10,FALSE)," ") -> 0 | AU19: =IF(AND(N19="Aplicar identificación avanzada-condición aceptable para cada tipo de factor de riesgo identificado",K19="SI"),VLOOKUP(A19,'2'!$B$12:$M$212,2,FALSE)," ") -> area 15 | AV19: =IF(AND(N19="Aplicar identificación avanzada-condición aceptable para cada tipo de factor de riesgo identificado",K19="SI"),VLOOKUP(A19,'2'!$B$12:$M$212,3,FALSE)," ") -> puesto 15 | AW19: =IF(AND(N19="Aplicar identificación avanzada-condición aceptable para cada tipo de factor de riesgo identificado",K19="SI"),VLOOKUP(A19,'2'!$B$12:$M$212,4,FALSE)," ") -> tarea 15 | AX19: =IF(AND(N19="Aplicar identificación avanzada-condición aceptable para cada tipo de factor de riesgo identificado",K19="SI"),VLOOKUP(A19,'2'!$B$12:$M$212,6,FALSE)," ") -> 0 | AY19: =IF(AND(N19="Aplicar identificación avanzada-condición aceptable para cada tipo de factor de riesgo identificado",K19="SI"),VLOOKUP(A19,'2'!$B$12:$M$212,7,FALSE)," ") -> 0 | AZ19: =IF(AND(N19="Aplicar identificación avanzada-condición aceptable para cada tipo de factor de riesgo identificado",K19="SI"),VLOOKUP(A19,'2'!$B$12:$M$212,8,FALSE)," ") -> 0 | BA19: =IF(AND(N19="Aplicar identificación avanzada-condición aceptable para cada tipo de factor de riesgo identificado",K19="SI"),VLOOKUP(A19,'2'!$B$12:$M$212,9,FALSE)," ") -> 0 | BB19: =IF(AND(N19="Aplicar identificación avanzada-condición aceptable para cada tipo de factor de riesgo identificado",K19="SI"),VLOOKUP(A19,'2'!$B$12:$M$212,10,FALSE)," ") -> 0 | BC19: =IF(AND(N19="Aplicar identificación avanzada-condición aceptable para cada tipo de factor de riesgo identificado",L19="SI"),VLOOKUP(A19,'2'!$B$12:$M$212,2,FALSE)," ") -> area 15 | BD19: =IF(AND(N19="Aplicar identificación avanzada-condición aceptable para cada tipo de factor de riesgo identificado",L19="SI"),VLOOKUP(A19,'2'!$B$12:$M$212,3,FALSE)," ") -> puesto 15 | BE19: =IF(AND(N19="Aplicar identificación avanzada-condición aceptable para cada tipo de factor de riesgo identificado",L19="SI"),VLOOKUP(A19,'2'!$B$12:$M$212,4,FALSE)," ") -> tarea 15 | BF19: =IF(AND(N19="Aplicar identificación avanzada-condición aceptable para cada tipo de factor de riesgo identificado",L19="SI"),VLOOKUP(A19,'2'!$B$12:$M$212,6,FALSE)," ") -> 0 | BG19: =IF(AND(N19="Aplicar identificación avanzada-condición aceptable para cada tipo de factor de riesgo identificado",L19="SI"),VLOOKUP(A19,'2'!$B$12:$M$212,7,FALSE)," ") -> 0 | BH19: =IF(AND(N19="Aplicar identificación avanzada-condición aceptable para cada tipo de factor de riesgo identificado",L19="SI"),VLOOKUP(A19,'2'!$B$12:$M$212,8,FALSE)," ") -> 0 | BI19: =IF(AND(N19="Aplicar identificación avanzada-condición aceptable para cada tipo de factor de riesgo identificado",L19="SI"),VLOOKUP(A19,'2'!$B$12:$M$212,9,FALSE)," ") -> 0 | BJ19: =IF(AND(N19="Aplicar identificación avanzada-condición aceptable para cada tipo de factor de riesgo identificado",L19="SI"),VLOOKUP(A19,'2'!$B$12:$M$212,10,FALSE)," ") -> 0 | BK19: =IF(AND(N19="Aplicar identificación avanzada-condición aceptable para cada tipo de factor de riesgo identificado",M19="SI"),VLOOKUP(A19,'2'!$B$12:$M$212,2,FALSE)," ") -> area 15 | BL19: =IF(AND(N19="Aplicar identificación avanzada-condición aceptable para cada tipo de factor de riesgo identificado",M19="SI"),VLOOKUP(A19,'2'!$B$12:$M$212,3,FALSE)," ") -> puesto 15 | BM19: =IF(AND(N19="Aplicar identificación avanzada-condición aceptable para cada tipo de factor de riesgo identificado",M19="SI"),VLOOKUP(A19,'2'!$B$12:$M$212,4,FALSE)," ") -> tarea 15 | BN19: =IF(AND(N19="Aplicar identificación avanzada-condición aceptable para cada tipo de factor de riesgo identificado",M19="SI"),VLOOKUP(A19,'2'!$B$12:$M$212,6,FALSE)," ") -> 0 | BO19: =IF(AND(N19="Aplicar identificación avanzada-condición aceptable para cada tipo de factor de riesgo identificado",M19="SI"),VLOOKUP(A19,'2'!$B$12:$M$212,7,FALSE)," ") -> 0 | BP19: =IF(AND(N19="Aplicar identificación avanzada-condición aceptable para cada tipo de factor de riesgo identificado",M19="SI"),VLOOKUP(A19,'2'!$B$12:$M$212,8,FALSE)," ") -> 0 | BQ19: =IF(AND(N19="Aplicar identificación avanzada-condición aceptable para cada tipo de factor de riesgo identificado",M19="SI"),VLOOKUP(A19,'2'!$B$12:$M$212,9,FALSE)," ") -> 0 | BR19: =IF(AND(N19="Aplicar identificación avanzada-condición aceptable para cada tipo de factor de riesgo identificado",M19="SI"),VLOOKUP(A19,'2'!$B$12:$M$212,10,FALSE)," ") -> 0
A20: 16 | B20: ='2'!C29 -> area 16 | C20: ='2'!D29 -> puesto 16 | D20: puesto 16 | E20: ='2'!E29 -> tarea 16 | F20: ='3'!L29 -> Aplicar identificación avanzada-condición aceptable para cada tipo de factor de riesgo identificado | G20: ='3'!E29 -> SI | H20: ='3'!F29 -> SI | I20: ='3'!G29 -> SI | J20: ='3'!H29 -> SI | K20: ='3'!I29 -> SI | L20: ='3'!J29 -> SI | M20: ='3'!K29 -> SI | N20: ='3'!L29 -> Aplicar identificación avanzada-condición aceptable para cada tipo de factor de riesgo identificado | O20: =IF(AND(N20="Aplicar identificación avanzada-condición aceptable para cada tipo de factor de riesgo identificado",G20="SI"),VLOOKUP(A20,'2'!$B$12:$M$212,2,FALSE)," ") -> area 16 | P20: =IF(AND(N20="Aplicar identificación avanzada-condición aceptable para cada tipo de factor de riesgo identificado",G20="SI"),VLOOKUP(A20,'2'!$B$12:$M$212,3,FALSE)," ") -> puesto 16 | Q20: =IF(AND(N20="Aplicar identificación avanzada-condición aceptable para cada tipo de factor de riesgo identificado",G20="SI"),VLOOKUP(A20,'2'!$B$12:$M$212,4,FALSE)," ") -> tarea 16 | R20: =IF(AND(N20="Aplicar identificación avanzada-condición aceptable para cada tipo de factor de riesgo identificado",G20="SI"),VLOOKUP(A20,'2'!$B$12:$M$212,6,FALSE)," ") -> 0 | S20: =IF(AND(N20="Aplicar identificación avanzada-condición aceptable para cada tipo de factor de riesgo identificado",G20="SI"),VLOOKUP(A20,'2'!$B$12:$M$212,7,FALSE)," ") -> 0 | T20: =IF(AND(N20="Aplicar identificación avanzada-condición aceptable para cada tipo de factor de riesgo identificado",G20="SI"),VLOOKUP(A20,'2'!$B$12:$M$212,8,FALSE)," ") -> 0 | U20: =IF(AND(N20="Aplicar identificación avanzada-condición aceptable para cada tipo de factor de riesgo identificado",G20="SI"),VLOOKUP(A20,'2'!$B$12:$M$212,9,FALSE)," ") -> 0 | V20: =IF(AND(N20="Aplicar identificación avanzada-condición aceptable para cada tipo de factor de riesgo identificado",G20="SI"),VLOOKUP(A20,'2'!$B$12:$M$212,10,FALSE)," ") -> 0 | W20: =IF(AND(N20="Aplicar identificación avanzada-condición aceptable para cada tipo de factor de riesgo identificado",H20="SI"),VLOOKUP(A20,'2'!$B$12:$M$212,2,FALSE)," ") -> area 16 | X20: =IF(AND(N20="Aplicar identificación avanzada-condición aceptable para cada tipo de factor de riesgo identificado",H20="SI"),VLOOKUP(A20,'2'!$B$12:$M$212,3,FALSE)," ") -> puesto 16 | Y20: =IF(AND(N20="Aplicar identificación avanzada-condición aceptable para cada tipo de factor de riesgo identificado",H20="SI"),VLOOKUP(A20,'2'!$B$12:$M$212,4,FALSE)," ") -> tarea 16 | Z20: =IF(AND(N20="Aplicar identificación avanzada-condición aceptable para cada tipo de factor de riesgo identificado",H20="SI"),VLOOKUP(A20,'2'!$B$12:$M$212,4,FALSE)," ") -> tarea 16 | AA20: =IF(AND(N20="Aplicar identificación avanzada-condición aceptable para cada tipo de factor de riesgo identificado",H20="SI"),VLOOKUP(A20,'2'!$B$12:$M$212,7,FALSE)," ") -> 0 | AB20: =IF(AND(N20="Aplicar identificación avanzada-condición aceptable para cada tipo de factor de riesgo identificado",H20="SI"),VLOOKUP(A20,'2'!$B$12:$M$212,8,FALSE)," ") -> 0 | AC20: =IF(AND(N20="Aplicar identificación avanzada-condición aceptable para cada tipo de factor de riesgo identificado",H20="SI"),VLOOKUP(A20,'2'!$B$12:$M$212,9,FALSE)," ") -> 0 | AD20: =IF(AND(N20="Aplicar identificación avanzada-condición aceptable para cada tipo de factor de riesgo identificado",H20="SI"),VLOOKUP(A20,'2'!$B$12:$M$212,10,FALSE)," ") -> 0 | AE20: =IF(AND(N20="Aplicar identificación avanzada-condición aceptable para cada tipo de factor de riesgo identificado",I20="SI"),VLOOKUP(A20,'2'!$B$12:$M$212,2,FALSE)," ") -> area 16 | AF20: =IF(AND(N20="Aplicar identificación avanzada-condición aceptable para cada tipo de factor de riesgo identificado",I20="SI"),VLOOKUP(A20,'2'!$B$12:$M$212,3,FALSE)," ") -> puesto 16 | AG20: =IF(AND(N20="Aplicar identificación avanzada-condición aceptable para cada tipo de factor de riesgo identificado",I20="SI"),VLOOKUP(A20,'2'!$B$12:$M$212,4,FALSE)," ") -> tarea 16 | AH20: =IF(AND(N20="Aplicar identificación avanzada-condición aceptable para cada tipo de factor de riesgo identificado",I20="SI"),VLOOKUP(A20,'2'!$B$12:$M$212,6,FALSE)," ") -> 0 | AI20: =IF(AND(N20="Aplicar identificación avanzada-condición aceptable para cada tipo de factor de riesgo identificado",I20="SI"),VLOOKUP(A20,'2'!$B$12:$M$212,7,FALSE)," ") -> 0 | AJ20: =IF(AND(N20="Aplicar identificación avanzada-condición aceptable para cada tipo de factor de riesgo identificado",I20="SI"),VLOOKUP(A20,'2'!$B$12:$M$212,8,FALSE)," ") -> 0 | AK20: =IF(AND(N20="Aplicar identificación avanzada-condición aceptable para cada tipo de factor de riesgo identificado",I20="SI"),VLOOKUP(A20,'2'!$B$12:$M$212,9,FALSE)," ") -> 0 | AL20: =IF(AND(N20="Aplicar identificación avanzada-condición aceptable para cada tipo de factor de riesgo identificado",I20="SI"),VLOOKUP(A20,'2'!$B$12:$M$212,10,FALSE)," ") -> 0 | AM20: =IF(AND(N20="Aplicar identificación avanzada-condición aceptable para cada tipo de factor de riesgo identificado",J20="SI"),VLOOKUP(A20,'2'!$B$12:$M$212,2,FALSE)," ") -> area 16 | AN20: =IF(AND(N20="Aplicar identificación avanzada-condición aceptable para cada tipo de factor de riesgo identificado",J20="SI"),VLOOKUP(A20,'2'!$B$12:$M$212,3,FALSE)," ") -> puesto 16 | AO20: =IF(AND(N20="Aplicar identificación avanzada-condición aceptable para cada tipo de factor de riesgo identificado",J20="SI"),VLOOKUP(A20,'2'!$B$12:$M$212,4,FALSE)," ") -> tarea 16 | AP20: =IF(AND(N20="Aplicar identificación avanzada-condición aceptable para cada tipo de factor de riesgo identificado",J20="SI"),VLOOKUP(A20,'2'!$B$12:$M$212,6,FALSE)," ") -> 0 | AQ20: =IF(AND(N20="Aplicar identificación avanzada-condición aceptable para cada tipo de factor de riesgo identificado",J20="SI"),VLOOKUP(A20,'2'!$B$12:$M$212,7,FALSE)," ") -> 0 | AR20: =IF(AND(N20="Aplicar identificación avanzada-condición aceptable para cada tipo de factor de riesgo identificado",J20="SI"),VLOOKUP(A20,'2'!$B$12:$M$212,8,FALSE)," ") -> 0 | AS20: =IF(AND(N20="Aplicar identificación avanzada-condición aceptable para cada tipo de factor de riesgo identificado",J20="SI"),VLOOKUP(A20,'2'!$B$12:$M$212,9,FALSE)," ") -> 0 | AT20: =IF(AND(N20="Aplicar identificación avanzada-condición aceptable para cada tipo de factor de riesgo identificado",J20="SI"),VLOOKUP(A20,'2'!$B$12:$M$212,10,FALSE)," ") -> 0 | AU20: =IF(AND(N20="Aplicar identificación avanzada-condición aceptable para cada tipo de factor de riesgo identificado",K20="SI"),VLOOKUP(A20,'2'!$B$12:$M$212,2,FALSE)," ") -> area 16 | AV20: =IF(AND(N20="Aplicar identificación avanzada-condición aceptable para cada tipo de factor de riesgo identificado",K20="SI"),VLOOKUP(A20,'2'!$B$12:$M$212,3,FALSE)," ") -> puesto 16 | AW20: =IF(AND(N20="Aplicar identificación avanzada-condición aceptable para cada tipo de factor de riesgo identificado",K20="SI"),VLOOKUP(A20,'2'!$B$12:$M$212,4,FALSE)," ") -> tarea 16 | AX20: =IF(AND(N20="Aplicar identificación avanzada-condición aceptable para cada tipo de factor de riesgo identificado",K20="SI"),VLOOKUP(A20,'2'!$B$12:$M$212,6,FALSE)," ") -> 0 | AY20: =IF(AND(N20="Aplicar identificación avanzada-condición aceptable para cada tipo de factor de riesgo identificado",K20="SI"),VLOOKUP(A20,'2'!$B$12:$M$212,7,FALSE)," ") -> 0 | AZ20: =IF(AND(N20="Aplicar identificación avanzada-condición aceptable para cada tipo de factor de riesgo identificado",K20="SI"),VLOOKUP(A20,'2'!$B$12:$M$212,8,FALSE)," ") -> 0 | BA20: =IF(AND(N20="Aplicar identificación avanzada-condición aceptable para cada tipo de factor de riesgo identificado",K20="SI"),VLOOKUP(A20,'2'!$B$12:$M$212,9,FALSE)," ") -> 0 | BB20: =IF(AND(N20="Aplicar identificación avanzada-condición aceptable para cada tipo de factor de riesgo identificado",K20="SI"),VLOOKUP(A20,'2'!$B$12:$M$212,10,FALSE)," ") -> 0 | BC20: =IF(AND(N20="Aplicar identificación avanzada-condición aceptable para cada tipo de factor de riesgo identificado",L20="SI"),VLOOKUP(A20,'2'!$B$12:$M$212,2,FALSE)," ") -> area 16 | BD20: =IF(AND(N20="Aplicar identificación avanzada-condición aceptable para cada tipo de factor de riesgo identificado",L20="SI"),VLOOKUP(A20,'2'!$B$12:$M$212,3,FALSE)," ") -> puesto 16 | BE20: =IF(AND(N20="Aplicar identificación avanzada-condición aceptable para cada tipo de factor de riesgo identificado",L20="SI"),VLOOKUP(A20,'2'!$B$12:$M$212,4,FALSE)," ") -> tarea 16 | BF20: =IF(AND(N20="Aplicar identificación avanzada-condición aceptable para cada tipo de factor de riesgo identificado",L20="SI"),VLOOKUP(A20,'2'!$B$12:$M$212,6,FALSE)," ") -> 0 | BG20: =IF(AND(N20="Aplicar identificación avanzada-condición aceptable para cada tipo de factor de riesgo identificado",L20="SI"),VLOOKUP(A20,'2'!$B$12:$M$212,7,FALSE)," ") -> 0 | BH20: =IF(AND(N20="Aplicar identificación avanzada-condición aceptable para cada tipo de factor de riesgo identificado",L20="SI"),VLOOKUP(A20,'2'!$B$12:$M$212,8,FALSE)," ") -> 0 | BI20: =IF(AND(N20="Aplicar identificación avanzada-condición aceptable para cada tipo de factor de riesgo identificado",L20="SI"),VLOOKUP(A20,'2'!$B$12:$M$212,9,FALSE)," ") -> 0 | BJ20: =IF(AND(N20="Aplicar identificación avanzada-condición aceptable para cada tipo de factor de riesgo identificado",L20="SI"),VLOOKUP(A20,'2'!$B$12:$M$212,10,FALSE)," ") -> 0 | BK20: =IF(AND(N20="Aplicar identificación avanzada-condición aceptable para cada tipo de factor de riesgo identificado",M20="SI"),VLOOKUP(A20,'2'!$B$12:$M$212,2,FALSE)," ") -> area 16 | BL20: =IF(AND(N20="Aplicar identificación avanzada-condición aceptable para cada tipo de factor de riesgo identificado",M20="SI"),VLOOKUP(A20,'2'!$B$12:$M$212,3,FALSE)," ") -> puesto 16 | BM20: =IF(AND(N20="Aplicar identificación avanzada-condición aceptable para cada tipo de factor de riesgo identificado",M20="SI"),VLOOKUP(A20,'2'!$B$12:$M$212,4,FALSE)," ") -> tarea 16 | BN20: =IF(AND(N20="Aplicar identificación avanzada-condición aceptable para cada tipo de factor de riesgo identificado",M20="SI"),VLOOKUP(A20,'2'!$B$12:$M$212,6,FALSE)," ") -> 0 | BO20: =IF(AND(N20="Aplicar identificación avanzada-condición aceptable para cada tipo de factor de riesgo identificado",M20="SI"),VLOOKUP(A20,'2'!$B$12:$M$212,7,FALSE)," ") -> 0 | BP20: =IF(AND(N20="Aplicar identificación avanzada-condición aceptable para cada tipo de factor de riesgo identificado",M20="SI"),VLOOKUP(A20,'2'!$B$12:$M$212,8,FALSE)," ") -> 0 | BQ20: =IF(AND(N20="Aplicar identificación avanzada-condición aceptable para cada tipo de factor de riesgo identificado",M20="SI"),VLOOKUP(A20,'2'!$B$12:$M$212,9,FALSE)," ") -> 0 | BR20: =IF(AND(N20="Aplicar identificación avanzada-condición aceptable para cada tipo de factor de riesgo identificado",M20="SI"),VLOOKUP(A20,'2'!$B$12:$M$212,10,FALSE)," ") -> 0
